{"website": "", "mobile_url": "https:\/\/movie.douban.com\/celebrity\/1000525\/mobile", "aka_en": ["Jacky Wu"], "name": "\u5434\u4eac", "works": [{"roles": ["\u6f14\u5458"], "subject": {"rating": {"max": 10, "average": 8.8, "details": {"1": 0.0, "3": 9.0, "2": 0.0, "5": 37.0, "4": 26.0}, "stars": "45", "min": 0}, "genres": [], "title": "\u5c40\u9762", "casts": [{"avatars": null, "name_en": "", "name": "\u738b\u5fd7\u5b89", "alt": null, "id": null}, {"avatars": {"small": "https://img3.doubanio.com\/view\/celebrity\/s_ratio_celebrity\/public\/p1501738155.24.webp", "large": "https://img3.doubanio.com\/view\/celebrity\/s_ratio_celebrity\/public\/p1501738155.24.webp", "medium": "https://img3.doubanio.com\/view\/celebrity\/s_ratio_celebrity\/public\/p1501738155.24.webp"}, "name_en": "Jing Wu", "name": "\u5434\u4eac", "alt": "https:\/\/movie.douban.com\/celebrity\/1000525\/", "id": "1000525"}, {"avatars": {"small": "https://img3.doubanio.com\/view\/celebrity\/s_ratio_celebrity\/public\/p1524319652.31.webp", "large": "https://img3.doubanio.com\/view\/celebrity\/s_ratio_celebrity\/public\/p1524319652.31.webp", "medium": "https://img3.doubanio.com\/view\/celebrity\/s_ratio_celebrity\/public\/p1524319652.31.webp"}, "name_en": "Yang Sun", "name": "\u5b59\u6768", "alt": "https:\/\/movie.douban.com\/celebrity\/1340017\/", "id": "1340017"}], "durations": ["30\u5206\u949f"], "collect_count": 254, "mainland_pubdate": "2017-05-02", "has_video": false, "original_title": "\u5c40\u9762", "subtype": "tv", "directors": [], "pubdates": ["2017-05-02(\u4e2d\u56fd\u5927\u9646)"], "year": "2017", "images": {"small": "https://img3.doubanio.com\/view\/photo\/s_ratio_poster\/public\/p2508369771.webp", "large": "https://img3.doubanio.com\/view\/photo\/s_ratio_poster\/public\/p2508369771.webp", "medium": "https://img3.doubanio.com\/view\/photo\/s_ratio_poster\/public\/p2508369771.webp"}, "alt": "https:\/\/movie.douban.com\/subject\/27197139\/", "id": "27197139"}}, {"roles": ["\u6f14\u5458"], "subject": {"rating": {"max": 10, "average": 8.1, "details": {"1": 38.0, "3": 2297.0, "2": 150.0, "5": 3348.0, "4": 5484.0}, "stars": "40", "min": 0}, "genres": ["\u5267\u60c5", "\u52a8\u4f5c"], "title": "\u592a\u6781\u5b97\u5e08", "casts": [{"avatars": {"small": "https://img3.doubanio.com\/view\/celebrity\/s_ratio_celebrity\/public\/p1501738155.24.webp", "large": "https://img3.doubanio.com\/view\/celebrity\/s_ratio_celebrity\/public\/p1501738155.24.webp", "medium": "https://img3.doubanio.com\/view\/celebrity\/s_ratio_celebrity\/public\/p1501738155.24.webp"}, "name_en": "Jing Wu", "name": "\u5434\u4eac", "alt": "https:\/\/movie.douban.com\/celebrity\/1000525\/", "id": "1000525"}, {"avatars": {"small": "https://img1.doubanio.com\/view\/celebrity\/s_ratio_celebrity\/public\/p1369884550.09.webp", "large": "https://img1.doubanio.com\/view\/celebrity\/s_ratio_celebrity\/public\/p1369884550.09.webp", "medium": "https://img1.doubanio.com\/view\/celebrity\/s_ratio_celebrity\/public\/p1369884550.09.webp"}, "name_en": "Hai Yu", "name": "\u4e8e\u6d77", "alt": "https:\/\/movie.douban.com\/celebrity\/1312752\/", "id": "1312752"}, {"avatars": {"small": "https://img3.doubanio.com\/view\/celebrity\/s_ratio_celebrity\/public\/p1352363438.56.webp", "large": "https://img3.doubanio.com\/view\/celebrity\/s_ratio_celebrity\/public\/p1352363438.56.webp", "medium": "https://img3.doubanio.com\/view\/celebrity\/s_ratio_celebrity\/public\/p1352363438.56.webp"}, "name_en": "Kara Wai Ying Hung", "name": "\u60e0\u82f1\u7ea2", "alt": "https:\/\/movie.douban.com\/celebrity\/1016847\/", "id": "1016847"}], "durations": ["40\u5206\u949f"], "collect_count": 20980, "mainland_pubdate": "", "has_video": true, "original_title": "\u592a\u6781\u5b97\u5e08", "subtype": "tv", "directors": [{"avatars": {"small": "https://img3.doubanio.com\/view\/celebrity\/s_ratio_celebrity\/public\/p6613.webp", "large": "https://img3.doubanio.com\/view\/celebrity\/s_ratio_celebrity\/public\/p6613.webp", "medium": "https://img3.doubanio.com\/view\/celebrity\/s_ratio_celebrity\/public\/p6613.webp"}, "name_en": "Hsin-Yen Chang", "name": "\u5f20\u946b\u708e", "alt": "https:\/\/movie.douban.com\/celebrity\/1274841\/", "id": "1274841"}, {"avatars": {"small": "https://img3.doubanio.com\/view\/celebrity\/s_ratio_celebrity\/public\/p9332.webp", "large": "https://img3.doubanio.com\/view\/celebrity\/s_ratio_celebrity\/public\/p9332.webp", "medium": "https://img3.doubanio.com\/view\/celebrity\/s_ratio_celebrity\/public\/p9332.webp"}, "name_en": "Woo-ping Yuen", "name": "\u8881\u548c\u5e73", "alt": "https:\/\/movie.douban.com\/celebrity\/1275026\/", "id": "1275026"}], "pubdates": ["1998"], "year": "1997", "images": {"small": "https://img1.doubanio.com\/view\/photo\/s_ratio_poster\/public\/p2373060399.webp", "large": "https://img1.doubanio.com\/view\/photo\/s_ratio_poster\/public\/p2373060399.webp", "medium": "https://img1.doubanio.com\/view\/photo\/s_ratio_poster\/public\/p2373060399.webp"}, "alt": "https:\/\/movie.douban.com\/subject\/1960302\/", "id": "1960302"}}, {"roles": ["\u6f14\u5458", "\u5236\u7247\u4eba"], "subject": {"rating": {"max": 10, "average": 7.9, "details": {"1": 1956.0, "3": 18408.0, "2": 3862.0, "5": 25995.0, "4": 32828.0}, "stars": "40", "min": 0}, "genres": ["\u79d1\u5e7b", "\u707e\u96be"], "title": "\u6d41\u6d6a\u5730\u7403", "casts": [{"avatars": {"small": "https://img3.doubanio.com\/view\/celebrity\/s_ratio_celebrity\/public\/p1533348792.03.webp", "large": "https://img3.doubanio.com\/view\/celebrity\/s_ratio_celebrity\/public\/p1533348792.03.webp", "medium": "https://img3.doubanio.com\/view\/celebrity\/s_ratio_celebrity\/public\/p1533348792.03.webp"}, "name_en": "Chuxiao Qu", "name": "\u5c48\u695a\u8427", "alt": "https:\/\/movie.douban.com\/celebrity\/1359081\/", "id": "1359081"}, {"avatars": {"small": "https://img3.doubanio.com\/view\/celebrity\/s_ratio_celebrity\/public\/p1501738155.24.webp", "large": "https://img3.doubanio.com\/view\/celebrity\/s_ratio_celebrity\/public\/p1501738155.24.webp", "medium": "https://img3.doubanio.com\/view\/celebrity\/s_ratio_celebrity\/public\/p1501738155.24.webp"}, "name_en": "Jing Wu", "name": "\u5434\u4eac", "alt": "https:\/\/movie.douban.com\/celebrity\/1000525\/", "id": "1000525"}, {"avatars": {"small": "https://img3.doubanio.com\/view\/celebrity\/s_ratio_celebrity\/public\/p1540619056.43.webp", "large": "https://img3.doubanio.com\/view\/celebrity\/s_ratio_celebrity\/public\/p1540619056.43.webp", "medium": "https://img3.doubanio.com\/view\/celebrity\/s_ratio_celebrity\/public\/p1540619056.43.webp"}, "name_en": "Guangjie Li", "name": "\u674e\u5149\u6d01", "alt": "https:\/\/movie.douban.com\/celebrity\/1275178\/", "id": "1275178"}], "durations": ["125\u5206\u949f"], "collect_count": 942933, "mainland_pubdate": "2019-02-05", "has_video": false, "original_title": "\u6d41\u6d6a\u5730\u7403", "subtype": "movie", "directors": [{"avatars": {"small": "https://img3.doubanio.com\/view\/celebrity\/s_ratio_celebrity\/public\/p1536678787.83.webp", "large": "https://img3.doubanio.com\/view\/celebrity\/s_ratio_celebrity\/public\/p1536678787.83.webp", "medium": "https://img3.doubanio.com\/view\/celebrity\/s_ratio_celebrity\/public\/p1536678787.83.webp"}, "name_en": "Frant Gwo", "name": "\u90ed\u5e06", "alt": "https:\/\/movie.douban.com\/celebrity\/1276086\/", "id": "1276086"}], "pubdates": ["2019-02-05(\u4e2d\u56fd\u5927\u9646)"], "year": "2019", "images": {"small": "https://img3.doubanio.com\/view\/photo\/s_ratio_poster\/public\/p2545472803.webp", "large": "https://img3.doubanio.com\/view\/photo\/s_ratio_poster\/public\/p2545472803.webp", "medium": "https://img3.doubanio.com\/view\/photo\/s_ratio_poster\/public\/p2545472803.webp"}, "alt": "https:\/\/movie.douban.com\/subject\/26266893\/", "id": "26266893"}}, {"roles": ["\u6f14\u5458"], "subject": {"rating": {"max": 10, "average": 7.5, "details": {"1": 219.0, "3": 9356.0, "2": 1042.0, "5": 4900.0, "4": 11356.0}, "stars": "40", "min": 0}, "genres": ["\u6b66\u4fa0", "\u53e4\u88c5"], "title": "\u5c0f\u674e\u98de\u5200", "casts": [{"avatars": {"small": "https://img3.doubanio.com\/view\/celebrity\/s_ratio_celebrity\/public\/p28305.webp", "large": "https://img3.doubanio.com\/view\/celebrity\/s_ratio_celebrity\/public\/p28305.webp", "medium": "https://img3.doubanio.com\/view\/celebrity\/s_ratio_celebrity\/public\/p28305.webp"}, "name_en": "Vincent Chiao", "name": "\u7126\u6069\u4fca", "alt": "https:\/\/movie.douban.com\/celebrity\/1275293\/", "id": "1275293"}, {"avatars": {"small": "https://img3.doubanio.com\/view\/celebrity\/s_ratio_celebrity\/public\/p1432231412.3.webp", "large": "https://img3.doubanio.com\/view\/celebrity\/s_ratio_celebrity\/public\/p1432231412.3.webp", "medium": "https://img3.doubanio.com\/view\/celebrity\/s_ratio_celebrity\/public\/p1432231412.3.webp"}, "name_en": "Alyssa Chia", "name": "\u8d3e\u9759\u96ef", "alt": "https:\/\/movie.douban.com\/celebrity\/1029332\/", "id": "1029332"}, {"avatars": {"small": "https://img1.doubanio.com\/view\/celebrity\/s_ratio_celebrity\/public\/p1364106535.09.webp", "large": "https://img1.doubanio.com\/view\/celebrity\/s_ratio_celebrity\/public\/p1364106535.09.webp", "medium": "https://img1.doubanio.com\/view\/celebrity\/s_ratio_celebrity\/public\/p1364106535.09.webp"}, "name_en": "Faye Yu", "name": "\u4fde\u98de\u9e3f", "alt": "https:\/\/movie.douban.com\/celebrity\/1014618\/", "id": "1014618"}], "durations": ["45\u5206\u949f"], "collect_count": 54844, "mainland_pubdate": "", "has_video": true, "original_title": "\u5c0f\u674e\u98de\u5200", "subtype": "tv", "directors": [{"avatars": {"small": "https://img3.doubanio.com\/view\/celebrity\/s_ratio_celebrity\/public\/p9332.webp", "large": "https://img3.doubanio.com\/view\/celebrity\/s_ratio_celebrity\/public\/p9332.webp", "medium": "https://img3.doubanio.com\/view\/celebrity\/s_ratio_celebrity\/public\/p9332.webp"}, "name_en": "Woo-ping Yuen", "name": "\u8881\u548c\u5e73", "alt": "https:\/\/movie.douban.com\/celebrity\/1275026\/", "id": "1275026"}, {"avatars": {"small": "https://img3.doubanio.com\/view\/celebrity\/s_ratio_celebrity\/public\/p8566.webp", "large": "https://img3.doubanio.com\/view\/celebrity\/s_ratio_celebrity\/public\/p8566.webp", "medium": "https://img3.doubanio.com\/view\/celebrity\/s_ratio_celebrity\/public\/p8566.webp"}, "name_en": "Xiaowei Lu", "name": "\u9c81\u6653\u5a01", "alt": "https:\/\/movie.douban.com\/celebrity\/1004499\/", "id": "1004499"}, {"avatars": {"small": "https://img1.doubanio.com\/view\/celebrity\/s_ratio_celebrity\/public\/p1357190107.9.webp", "large": "https://img1.doubanio.com\/view\/celebrity\/s_ratio_celebrity\/public\/p1357190107.9.webp", "medium": "https://img1.doubanio.com\/view\/celebrity\/s_ratio_celebrity\/public\/p1357190107.9.webp"}, "name_en": "Hon-To Lee", "name": "\u674e\u7ff0\u97ec", "alt": "https:\/\/movie.douban.com\/celebrity\/1318391\/", "id": "1318391"}], "pubdates": ["1999-08-03(\u53f0\u6e7e)"], "year": "1999", "images": {"small": "https://img3.doubanio.com\/view\/photo\/s_ratio_poster\/public\/p2372424064.webp", "large": "https://img3.doubanio.com\/view\/photo\/s_ratio_poster\/public\/p2372424064.webp", "medium": "https://img3.doubanio.com\/view\/photo\/s_ratio_poster\/public\/p2372424064.webp"}, "alt": "https:\/\/movie.douban.com\/subject\/2279825\/", "id": "2279825"}}, {"roles": ["\u6f14\u5458"], "subject": {"rating": {"max": 10, "average": 7.5, "details": {"1": 14.0, "3": 194.0, "2": 22.0, "5": 133.0, "4": 237.0}, "stars": "40", "min": 0}, "genres": ["\u5267\u60c5", "\u53e4\u88c5"], "title": "\u5c11\u6797\u6b66\u738b", "casts": [{"avatars": {"small": "https://img3.doubanio.com\/view\/celebrity\/s_ratio_celebrity\/public\/p1501738155.24.webp", "large": "https://img3.doubanio.com\/view\/celebrity\/s_ratio_celebrity\/public\/p1501738155.24.webp", "medium": "https://img3.doubanio.com\/view\/celebrity\/s_ratio_celebrity\/public\/p1501738155.24.webp"}, "name_en": "Jing Wu", "name": "\u5434\u4eac", "alt": "https:\/\/movie.douban.com\/celebrity\/1000525\/", "id": "1000525"}, {"avatars": {"small": "https://img3.doubanio.com\/view\/celebrity\/s_ratio_celebrity\/public\/p1407293336.83.webp", "large": "https://img3.doubanio.com\/view\/celebrity\/s_ratio_celebrity\/public\/p1407293336.83.webp", "medium": "https://img3.doubanio.com\/view\/celebrity\/s_ratio_celebrity\/public\/p1407293336.83.webp"}, "name_en": "Fatimai Yaqi", "name": "\u6cd5\u63d0\u9ea6\u00b7\u96c5\u7426", "alt": "https:\/\/movie.douban.com\/celebrity\/1315196\/", "id": "1315196"}, {"avatars": {"small": "https://img3.doubanio.com\/view\/celebrity\/s_ratio_celebrity\/public\/p16936.webp", "large": "https://img3.doubanio.com\/view\/celebrity\/s_ratio_celebrity\/public\/p16936.webp", "medium": "https://img3.doubanio.com\/view\/celebrity\/s_ratio_celebrity\/public\/p16936.webp"}, "name_en": "Chunhua Ji", "name": "\u8ba1\u6625\u534e", "alt": "https:\/\/movie.douban.com\/celebrity\/1275319\/", "id": "1275319"}], "durations": [], "collect_count": 1008, "mainland_pubdate": "", "has_video": true, "original_title": "\u5c11\u6797\u6b66\u738b", "subtype": "tv", "directors": [{"avatars": {"small": "https://img3.doubanio.com\/view\/celebrity\/s_ratio_celebrity\/public\/p6613.webp", "large": "https://img3.doubanio.com\/view\/celebrity\/s_ratio_celebrity\/public\/p6613.webp", "medium": "https://img3.doubanio.com\/view\/celebrity\/s_ratio_celebrity\/public\/p6613.webp"}, "name_en": "Hsin-Yen Chang", "name": "\u5f20\u946b\u708e", "alt": "https:\/\/movie.douban.com\/celebrity\/1274841\/", "id": "1274841"}], "pubdates": [], "year": "2002", "images": {"small": "https://img3.doubanio.com\/view\/photo\/s_ratio_poster\/public\/p2447060573.webp", "large": "https://img3.doubanio.com\/view\/photo\/s_ratio_poster\/public\/p2447060573.webp", "medium": "https://img3.doubanio.com\/view\/photo\/s_ratio_poster\/public\/p2447060573.webp"}, "alt": "https:\/\/movie.douban.com\/subject\/3126099\/", "id": "3126099"}}], "name_en": "Jing Wu", "gender": "\u7537", "professions": ["", "", "\u5bfc\u6f14", "\u5236\u7247\u4eba", "\u7f16\u5267"], "avatars": {"small": "https://img3.doubanio.com\/view\/celebrity\/s_ratio_celebrity\/public\/p1501738155.24.webp", "large": "https://img3.doubanio.com\/view\/celebrity\/s_ratio_celebrity\/public\/p1501738155.24.webp", "medium": "https://img3.doubanio.com\/view\/celebrity\/s_ratio_celebrity\/public\/p1501738155.24.webp"}, "summary": "\u5434\u4eac\uff0c\u88ab\u8a89\u4e3a\u201c\u529f\u592b\u5c0f\u5b50\u201d\uff0c\u4ece1995\u5e74\u5c31\u5f00\u59cb\u63a5\u62cd\u7535\u89c6\u5267\u548c\u7535\u5f71\uff0c\u5176\u5f15\u8def\u4eba\u4fbf\u662f\u300a\u5c11\u6797\u5bfa\u300b\u4ee5\u53ca\u300a\u5c11\u6797\u6b66\u738b\u300b\u7684\u5bfc\u6f14\u5f20\u946b\u708e\uff0c\u800c\u5434\u4eac\u7684\u6b66\u672f\u6559\u7ec3\u4e5f\u5c31\u662f\u674e\u8fde\u6770\u7684\u6559\u7ec3\u5434\u5f6c\u3002\u5f53\u5e74\u8fd8\u5728\u6b66\u672f\u961f\u91cc\u594b\u6597\u7684\u5434\u4eac\u88ab\u5f20\u946b\u708e\u770b\u4e2d\uff0c\u4e8e\u662f\u548c\u5e08\u5144\u674e\u8fde\u6770\u4e00\u6837\uff0c\u987a\u5229\u5730\u52a0\u5165\u4e86\u5a31\u4e50\u5708\u3002\u4e24\u4eba\u7684\u7ecf\u5386\u60ca\u4eba\u5730\u76f8\u4f3c\u30022005\u5e74\u540e\u5434\u4eac\u642c\u8fc1\u81f3\u9999\u6e2f\uff0c\u6b63\u5f0f\u5728\u9999\u6e2f\u53d1\u5c55\uff0c\u5e76\u53d6\u5f97\u4e86\u4e0d\u4fd7\u7684\u6210\u7ee9\u3002", "photos": [{"thumb": "https://img3.doubanio.com\/view\/photo\/m\/public\/p2159793864.webp", "image": "https://img3.doubanio.com\/view\/photo\/l\/public\/p2159793864.webp", "cover": "https://img3.doubanio.com\/view\/photo\/sqs\/public\/p2159793864.webp", "alt": "https:\/\/movie.douban.com\/celebrity\/1000525\/photo\/2159793864\/", "id": "2159793864", "icon": "https://img3.doubanio.com\/view\/photo\/s\/public\/p2159793864.webp"}, {"thumb": "https://img3.doubanio.com\/view\/photo\/m\/public\/p2385103173.webp", "image": "https://img3.doubanio.com\/view\/photo\/l\/public\/p2385103173.webp", "cover": "https://img3.doubanio.com\/view\/photo\/sqs\/public\/p2385103173.webp", "alt": "https:\/\/movie.douban.com\/celebrity\/1000525\/photo\/2385103173\/", "id": "2385103173", "icon": "https://img3.doubanio.com\/view\/photo\/s\/public\/p2385103173.webp"}, {"thumb": "https://img3.doubanio.com\/view\/photo\/m\/public\/p2236798040.webp", "image": "https://img3.doubanio.com\/view\/photo\/l\/public\/p2236798040.webp", "cover": "https://img3.doubanio.com\/view\/photo\/sqs\/public\/p2236798040.webp", "alt": "https:\/\/movie.douban.com\/celebrity\/1000525\/photo\/2236798040\/", "id": "2236798040", "icon": "https://img3.doubanio.com\/view\/photo\/s\/public\/p2236798040.webp"}, {"thumb": "https://img3.doubanio.com\/view\/photo\/m\/public\/p2254846503.webp", "image": "https://img3.doubanio.com\/view\/photo\/l\/public\/p2254846503.webp", "cover": "https://img3.doubanio.com\/view\/photo\/sqs\/public\/p2254846503.webp", "alt": "https:\/\/movie.douban.com\/celebrity\/1000525\/photo\/2254846503\/", "id": "2254846503", "icon": "https://img3.doubanio.com\/view\/photo\/s\/public\/p2254846503.webp"}, {"thumb": "https://img1.doubanio.com\/view\/photo\/m\/public\/p2253698987.webp", "image": "https://img1.doubanio.com\/view\/photo\/l\/public\/p2253698987.webp", "cover": "https://img1.doubanio.com\/view\/photo\/sqs\/public\/p2253698987.webp", "alt": "https:\/\/movie.douban.com\/celebrity\/1000525\/photo\/2253698987\/", "id": "2253698987", "icon": "https://img1.doubanio.com\/view\/photo\/s\/public\/p2253698987.webp"}, {"thumb": "https://img1.doubanio.com\/view\/photo\/m\/public\/p2256228469.webp", "image": "https://img1.doubanio.com\/view\/photo\/l\/public\/p2256228469.webp", "cover": "https://img1.doubanio.com\/view\/photo\/sqs\/public\/p2256228469.webp", "alt": "https:\/\/movie.douban.com\/celebrity\/1000525\/photo\/2256228469\/", "id": "2256228469", "icon": "https://img1.doubanio.com\/view\/photo\/s\/public\/p2256228469.webp"}, {"thumb": "https://img3.doubanio.com\/view\/photo\/m\/public\/p2336300493.webp", "image": "https://img3.doubanio.com\/view\/photo\/l\/public\/p2336300493.webp", "cover": "https://img3.doubanio.com\/view\/photo\/sqs\/public\/p2336300493.webp", "alt": "https:\/\/movie.douban.com\/celebrity\/1000525\/photo\/2336300493\/", "id": "2336300493", "icon": "https://img3.doubanio.com\/view\/photo\/s\/public\/p2336300493.webp"}, {"thumb": "https://img3.doubanio.com\/view\/photo\/m\/public\/p2254856846.webp", "image": "https://img3.doubanio.com\/view\/photo\/l\/public\/p2254856846.webp", "cover": "https://img3.doubanio.com\/view\/photo\/sqs\/public\/p2254856846.webp", "alt": "https:\/\/movie.douban.com\/celebrity\/1000525\/photo\/2254856846\/", "id": "2254856846", "icon": "https://img3.doubanio.com\/view\/photo\/s\/public\/p2254856846.webp"}, {"thumb": "https://img3.doubanio.com\/view\/photo\/m\/public\/p2254855460.webp", "image": "https://img3.doubanio.com\/view\/photo\/l\/public\/p2254855460.webp", "cover": "https://img3.doubanio.com\/view\/photo\/sqs\/public\/p2254855460.webp", "alt": "https:\/\/movie.douban.com\/celebrity\/1000525\/photo\/2254855460\/", "id": "2254855460", "icon": "https://img3.doubanio.com\/view\/photo\/s\/public\/p2254855460.webp"}, {"thumb": "https://img3.doubanio.com\/view\/photo\/m\/public\/p2152415400.webp", "image": "https://img3.doubanio.com\/view\/photo\/l\/public\/p2152415400.webp", "cover": "https://img3.doubanio.com\/view\/photo\/sqs\/public\/p2152415400.webp", "alt": "https:\/\/movie.douban.com\/celebrity\/1000525\/photo\/2152415400\/", "id": "2152415400", "icon": "https://img3.doubanio.com\/view\/photo\/s\/public\/p2152415400.webp"}], "birthday": "1974-04-03", "aka": [""], "alt": "https:\/\/movie.douban.com\/celebrity\/1000525\/", "born_place": "\u4e2d\u56fd,\u5317\u4eac", "constellation": "\u767d\u7f8a\u5ea7", "id": "1000525"}