{"count": 20, "start": 0, "total": 39, "subjects": [{"rating": {"max": 10, "average": 0, "details": {"1": 0, "3": 0, "2": 0, "5": 0, "4": 0}, "stars": "00", "min": 0}, "genres": ["\u513f\u7ae5", "\u52a8\u753b", "\u5947\u5e7b"], "title": "\u745e\u96ea\u5146\u4e30\u5e74", "casts": [], "durations": ["86\u5206\u949f"], "collect_count": 16, "mainland_pubdate": "2019-02-16", "has_video": false, "original_title": "\u745e\u96ea\u5146\u4e30\u5e74", "subtype": "movie", "directors": [{"avatars": null, "name_en": "", "name": "\u9093\u6d77", "alt": null, "id": null}], "pubdates": ["2019-02-16(\u4e2d\u56fd\u5927\u9646)"], "year": "2019", "images": {"small": "https://img1.doubanio.com\/view\/photo\/s_ratio_poster\/public\/p2545563789.webp", "large": "https://img1.doubanio.com\/view\/photo\/s_ratio_poster\/public\/p2545563789.webp", "medium": "https://img1.doubanio.com\/view\/photo\/s_ratio_poster\/public\/p2545563789.webp"}, "alt": "https:\/\/movie.douban.com\/subject\/30432991\/", "id": "30432991"}, {"rating": {"max": 10, "average": 7.8, "details": {"1": 6.0, "3": 132.0, "2": 27.0, "5": 153.0, "4": 247.0}, "stars": "40", "min": 0}, "genres": ["\u52a8\u4f5c", "\u79d1\u5e7b", "\u5192\u9669"], "title": "\u963f\u4e3d\u5854\uff1a\u6218\u6597\u5929\u4f7f", "casts": [{"avatars": {"small": "https://img3.doubanio.com\/view\/celebrity\/s_ratio_celebrity\/public\/p1501911452.02.webp", "large": "https://img3.doubanio.com\/view\/celebrity\/s_ratio_celebrity\/public\/p1501911452.02.webp", "medium": "https://img3.doubanio.com\/view\/celebrity\/s_ratio_celebrity\/public\/p1501911452.02.webp"}, "name_en": "Rosa Salazar", "name": "\u7f57\u838e\u00b7\u8428\u62c9\u67e5", "alt": "https:\/\/movie.douban.com\/celebrity\/1342762\/", "id": "1342762"}, {"avatars": {"small": "https://img3.doubanio.com\/view\/celebrity\/s_ratio_celebrity\/public\/p26974.webp", "large": "https://img3.doubanio.com\/view\/celebrity\/s_ratio_celebrity\/public\/p26974.webp", "medium": "https://img3.doubanio.com\/view\/celebrity\/s_ratio_celebrity\/public\/p26974.webp"}, "name_en": "Christoph Waltz", "name": "\u514b\u91cc\u65af\u6258\u5f17\u00b7\u6c83\u5c14\u5179", "alt": "https:\/\/movie.douban.com\/celebrity\/1054405\/", "id": "1054405"}, {"avatars": {"small": "https://img3.doubanio.com\/view\/celebrity\/s_ratio_celebrity\/public\/p1549880660.24.webp", "large": "https://img3.doubanio.com\/view\/celebrity\/s_ratio_celebrity\/public\/p1549880660.24.webp", "medium": "https://img3.doubanio.com\/view\/celebrity\/s_ratio_celebrity\/public\/p1549880660.24.webp"}, "name_en": "Keean Johnson", "name": "\u57fa\u6069\u00b7\u7ea6\u7ff0\u900a", "alt": "https:\/\/movie.douban.com\/celebrity\/1399007\/", "id": "1399007"}], "durations": ["122\u5206\u949f"], "collect_count": 5576, "mainland_pubdate": "2019-02-22", "has_video": false, "original_title": "Alita: Battle Angel", "subtype": "movie", "directors": [{"avatars": {"small": "https://img1.doubanio.com\/view\/celebrity\/s_ratio_celebrity\/public\/p1378050540.89.webp", "large": "https://img1.doubanio.com\/view\/celebrity\/s_ratio_celebrity\/public\/p1378050540.89.webp", "medium": "https://img1.doubanio.com\/view\/celebrity\/s_ratio_celebrity\/public\/p1378050540.89.webp"}, "name_en": "Robert Rodriguez", "name": "\u7f57\u4f2f\u7279\u00b7\u7f57\u5fb7\u91cc\u683c\u5179", "alt": "https:\/\/movie.douban.com\/celebrity\/1019016\/", "id": "1019016"}], "pubdates": ["2019-02-05(\u53f0\u6e7e)", "2019-02-14(\u7f8e\u56fd)", "2019-02-22(\u4e2d\u56fd\u5927\u9646)"], "year": "2019", "images": {"small": "https://img3.doubanio.com\/view\/photo\/s_ratio_poster\/public\/p2544987866.webp", "large": "https://img3.doubanio.com\/view\/photo\/s_ratio_poster\/public\/p2544987866.webp", "medium": "https://img3.doubanio.com\/view\/photo\/s_ratio_poster\/public\/p2544987866.webp"}, "alt": "https:\/\/movie.douban.com\/subject\/1652592\/", "id": "1652592"}, {"rating": {"max": 10, "average": 7.3, "details": {"1": 23.0, "3": 414.0, "2": 88.0, "5": 253.0, "4": 427.0}, "stars": "40", "min": 0}, "genres": ["\u52a8\u753b", "\u5947\u5e7b"], "title": "\u671d\u82b1\u5915\u8a93", "casts": [{"avatars": {"small": "https://img3.doubanio.com\/view\/celebrity\/s_ratio_celebrity\/public\/p1532165930.93.webp", "large": "https://img3.doubanio.com\/view\/celebrity\/s_ratio_celebrity\/public\/p1532165930.93.webp", "medium": "https://img3.doubanio.com\/view\/celebrity\/s_ratio_celebrity\/public\/p1532165930.93.webp"}, "name_en": "Iwami Manaka", "name": "\u77f3\u89c1\u821e\u83dc\u9999", "alt": "https:\/\/movie.douban.com\/celebrity\/1372493\/", "id": "1372493"}, {"avatars": {"small": "https://img3.doubanio.com\/view\/celebrity\/s_ratio_celebrity\/public\/p44986.webp", "large": "https://img3.doubanio.com\/view\/celebrity\/s_ratio_celebrity\/public\/p44986.webp", "medium": "https://img3.doubanio.com\/view\/celebrity\/s_ratio_celebrity\/public\/p44986.webp"}, "name_en": "Miyu Irino", "name": "\u5165\u91ce\u81ea\u7531", "alt": "https:\/\/movie.douban.com\/celebrity\/1005438\/", "id": "1005438"}, {"avatars": {"small": "https://img1.doubanio.com\/view\/celebrity\/s_ratio_celebrity\/public\/p1366715194.78.webp", "large": "https://img1.doubanio.com\/view\/celebrity\/s_ratio_celebrity\/public\/p1366715194.78.webp", "medium": "https://img1.doubanio.com\/view\/celebrity\/s_ratio_celebrity\/public\/p1366715194.78.webp"}, "name_en": "Ai Kayano", "name": "\u8305\u91ce\u7231\u8863", "alt": "https:\/\/movie.douban.com\/celebrity\/1314532\/", "id": "1314532"}], "durations": ["115\u5206\u949f"], "collect_count": 7274, "mainland_pubdate": "2019-02-22", "has_video": false, "original_title": "\u3055\u3088\u306a\u3089\u306e\u671d\u306b\u7d04\u675f\u306e\u82b1\u3092\u304b\u3056\u308d\u3046", "subtype": "movie", "directors": [{"avatars": {"small": "https://img3.doubanio.com\/view\/celebrity\/s_ratio_celebrity\/public\/p32831.webp", "large": "https://img3.doubanio.com\/view\/celebrity\/s_ratio_celebrity\/public\/p32831.webp", "medium": "https://img3.doubanio.com\/view\/celebrity\/s_ratio_celebrity\/public\/p32831.webp"}, "name_en": "Mari Okada", "name": "\u5188\u7530\u9ebf\u91cc", "alt": "https:\/\/movie.douban.com\/celebrity\/1275193\/", "id": "1275193"}, {"avatars": {"small": "https://img3.doubanio.com\/view\/celebrity\/s_ratio_celebrity\/public\/p1504060894.35.webp", "large": "https://img3.doubanio.com\/view\/celebrity\/s_ratio_celebrity\/public\/p1504060894.35.webp", "medium": "https://img3.doubanio.com\/view\/celebrity\/s_ratio_celebrity\/public\/p1504060894.35.webp"}, "name_en": "Toshiya Shinohara", "name": "\u7b71\u539f\u4fca\u54c9", "alt": "https:\/\/movie.douban.com\/celebrity\/1320444\/", "id": "1320444"}], "pubdates": ["2018-02-24(\u65e5\u672c)", "2019-02-22(\u4e2d\u56fd\u5927\u9646)"], "year": "2018", "images": {"small": "https://img3.doubanio.com\/view\/photo\/s_ratio_poster\/public\/p2545561196.webp", "large": "https://img3.doubanio.com\/view\/photo\/s_ratio_poster\/public\/p2545561196.webp", "medium": "https://img3.doubanio.com\/view\/photo\/s_ratio_poster\/public\/p2545561196.webp"}, "alt": "https:\/\/movie.douban.com\/subject\/27083561\/", "id": "27083561"}, {"rating": {"max": 10, "average": 0, "details": {"1": 0, "3": 0, "2": 0, "5": 0, "4": 0}, "stars": "00", "min": 0}, "genres": ["\u60ac\u7591", "\u60ca\u609a"], "title": "\u53e4\u4e95\u51f6\u7075", "casts": [{"avatars": {"small": "https://img3.doubanio.com\/view\/celebrity\/s_ratio_celebrity\/public\/p1485868705.1.webp", "large": "https://img3.doubanio.com\/view\/celebrity\/s_ratio_celebrity\/public\/p1485868705.1.webp", "medium": "https://img3.doubanio.com\/view\/celebrity\/s_ratio_celebrity\/public\/p1485868705.1.webp"}, "name_en": "Weiran Cheng", "name": "\u7a0b\u97e6\u7136", "alt": "https:\/\/movie.douban.com\/celebrity\/1351290\/", "id": "1351290"}, {"avatars": {"small": "https://img3.doubanio.com\/view\/celebrity\/s_ratio_celebrity\/public\/p1527070767.01.webp", "large": "https://img3.doubanio.com\/view\/celebrity\/s_ratio_celebrity\/public\/p1527070767.01.webp", "medium": "https://img3.doubanio.com\/view\/celebrity\/s_ratio_celebrity\/public\/p1527070767.01.webp"}, "name_en": "Meilin Chen", "name": "\u9648\u7f8e\u6797", "alt": "https:\/\/movie.douban.com\/celebrity\/1393995\/", "id": "1393995"}, {"avatars": {"small": "https://img1.doubanio.com\/f\/movie\/ca527386eb8c4e325611e22dfcb04cc116d6b423\/pics\/movie\/celebrity-default-small.png", "large": "https://img3.doubanio.com\/f\/movie\/63acc16ca6309ef191f0378faf793d1096a3e606\/pics\/movie\/celebrity-default-large.png", "medium": "https://img1.doubanio.com\/f\/movie\/8dd0c794499fe925ae2ae89ee30cd225750457b4\/pics\/movie\/celebrity-default-medium.png"}, "name_en": "Yiyun Li", "name": "\u674e\u6613\u82b8", "alt": "https:\/\/movie.douban.com\/celebrity\/1410708\/", "id": "1410708"}], "durations": ["88\u5206\u949f"], "collect_count": 27, "mainland_pubdate": "2019-02-22", "has_video": false, "original_title": "\u53e4\u4e95\u51f6\u7075", "subtype": "movie", "directors": [{"avatars": {"small": "https://img3.doubanio.com\/view\/celebrity\/s_ratio_celebrity\/public\/p1536643230.84.webp", "large": "https://img3.doubanio.com\/view\/celebrity\/s_ratio_celebrity\/public\/p1536643230.84.webp", "medium": "https://img3.doubanio.com\/view\/celebrity\/s_ratio_celebrity\/public\/p1536643230.84.webp"}, "name_en": "", "name": "\u738b\u8fb0\u516d", "alt": "https:\/\/movie.douban.com\/celebrity\/1400588\/", "id": "1400588"}], "pubdates": ["2019-02-22(\u4e2d\u56fd\u5927\u9646)"], "year": "2019", "images": {"small": "https://img3.doubanio.com\/view\/photo\/s_ratio_poster\/public\/p2547985203.webp", "large": "https://img3.doubanio.com\/view\/photo\/s_ratio_poster\/public\/p2547985203.webp", "medium": "https://img3.doubanio.com\/view\/photo\/s_ratio_poster\/public\/p2547985203.webp"}, "alt": "https:\/\/movie.douban.com\/subject\/30424795\/", "id": "30424795"}, {"rating": {"max": 10, "average": 0, "details": {"1": 0, "3": 0, "2": 0, "5": 0, "4": 0}, "stars": "00", "min": 0}, "genres": ["\u7eaa\u5f55\u7247"], "title": "\u4e09\u53d8\u5c71\u53d8", "casts": [], "durations": ["80\u5206\u949f"], "collect_count": 4, "mainland_pubdate": "2019-02-26", "has_video": false, "original_title": "\u4e09\u53d8\u5c71\u53d8", "subtype": "movie", "directors": [{"avatars": {"small": "https://img1.doubanio.com\/f\/movie\/ca527386eb8c4e325611e22dfcb04cc116d6b423\/pics\/movie\/celebrity-default-small.png", "large": "https://img3.doubanio.com\/f\/movie\/63acc16ca6309ef191f0378faf793d1096a3e606\/pics\/movie\/celebrity-default-large.png", "medium": "https://img1.doubanio.com\/f\/movie\/8dd0c794499fe925ae2ae89ee30cd225750457b4\/pics\/movie\/celebrity-default-medium.png"}, "name_en": "Lanyu Peng", "name": "\u5f6d\u5170\u7389", "alt": "https:\/\/movie.douban.com\/celebrity\/1373528\/", "id": "1373528"}], "pubdates": ["2019-02-26(\u4e2d\u56fd\u5927\u9646)"], "year": "2019", "images": {"small": "https://img3.doubanio.com\/view\/photo\/s_ratio_poster\/public\/p2546363876.webp", "large": "https://img3.doubanio.com\/view\/photo\/s_ratio_poster\/public\/p2546363876.webp", "medium": "https://img3.doubanio.com\/view\/photo\/s_ratio_poster\/public\/p2546363876.webp"}, "alt": "https:\/\/movie.douban.com\/subject\/30443767\/", "id": "30443767"}, {"rating": {"max": 10, "average": 8.9, "details": {"1": 11.0, "3": 699.0, "2": 42.0, "5": 4717.0, "4": 3687.0}, "stars": "45", "min": 0}, "genres": ["\u5267\u60c5", "\u559c\u5267", "\u4f20\u8bb0"], "title": "\u7eff\u76ae\u4e66", "casts": [{"avatars": {"small": "https://img3.doubanio.com\/view\/celebrity\/s_ratio_celebrity\/public\/p29922.webp", "large": "https://img3.doubanio.com\/view\/celebrity\/s_ratio_celebrity\/public\/p29922.webp", "medium": "https://img3.doubanio.com\/view\/celebrity\/s_ratio_celebrity\/public\/p29922.webp"}, "name_en": "Viggo Mortensen", "name": "\u7ef4\u679c\u00b7\u83ab\u817e\u68ee", "alt": "https:\/\/movie.douban.com\/celebrity\/1054520\/", "id": "1054520"}, {"avatars": {"small": "https://img3.doubanio.com\/view\/celebrity\/s_ratio_celebrity\/public\/p1488440651.5.webp", "large": "https://img3.doubanio.com\/view\/celebrity\/s_ratio_celebrity\/public\/p1488440651.5.webp", "medium": "https://img3.doubanio.com\/view\/celebrity\/s_ratio_celebrity\/public\/p1488440651.5.webp"}, "name_en": "Mahershala Ali", "name": "\u9a6c\u8d6b\u6c99\u62c9\u00b7\u963f\u91cc", "alt": "https:\/\/movie.douban.com\/celebrity\/1004702\/", "id": "1004702"}, {"avatars": {"small": "https://img3.doubanio.com\/view\/celebrity\/s_ratio_celebrity\/public\/p1405786644.35.webp", "large": "https://img3.doubanio.com\/view\/celebrity\/s_ratio_celebrity\/public\/p1405786644.35.webp", "medium": "https://img3.doubanio.com\/view\/celebrity\/s_ratio_celebrity\/public\/p1405786644.35.webp"}, "name_en": "Linda Cardellini", "name": "\u7433\u8fbe\u00b7\u5361\u5fb7\u91cc\u5c3c", "alt": "https:\/\/movie.douban.com\/celebrity\/1010545\/", "id": "1010545"}], "durations": ["130\u5206\u949f"], "collect_count": 51423, "mainland_pubdate": "2019-03-01", "has_video": false, "original_title": "Green Book", "subtype": "movie", "directors": [{"avatars": {"small": "https://img3.doubanio.com\/view\/celebrity\/s_ratio_celebrity\/public\/p29610.webp", "large": "https://img3.doubanio.com\/view\/celebrity\/s_ratio_celebrity\/public\/p29610.webp", "medium": "https://img3.doubanio.com\/view\/celebrity\/s_ratio_celebrity\/public\/p29610.webp"}, "name_en": "Peter Farrelly", "name": "\u5f7c\u5f97\u00b7\u6cd5\u96f7\u91cc", "alt": "https:\/\/movie.douban.com\/celebrity\/1036662\/", "id": "1036662"}], "pubdates": ["2018-09-11(\u591a\u4f26\u591a\u7535\u5f71\u8282)", "2018-11-21(\u7f8e\u56fd)", "2019-03-01(\u4e2d\u56fd\u5927\u9646)"], "year": "2018", "images": {"small": "https://img1.doubanio.com\/view\/photo\/s_ratio_poster\/public\/p2546159617.webp", "large": "https://img1.doubanio.com\/view\/photo\/s_ratio_poster\/public\/p2546159617.webp", "medium": "https://img1.doubanio.com\/view\/photo\/s_ratio_poster\/public\/p2546159617.webp"}, "alt": "https:\/\/movie.douban.com\/subject\/27060077\/", "id": "27060077"}, {"rating": {"max": 10, "average": 7.8, "details": {"1": 0.0, "3": 103.0, "2": 14.0, "5": 90.0, "4": 221.0}, "stars": "40", "min": 0}, "genres": ["\u52a8\u753b", "\u5947\u5e7b", "\u5192\u9669"], "title": "\u9a6f\u9f99\u9ad8\u624b3", "casts": [{"avatars": {"small": "https://img3.doubanio.com\/view\/celebrity\/s_ratio_celebrity\/public\/p893.webp", "large": "https://img3.doubanio.com\/view\/celebrity\/s_ratio_celebrity\/public\/p893.webp", "medium": "https://img3.doubanio.com\/view\/celebrity\/s_ratio_celebrity\/public\/p893.webp"}, "name_en": "Jay Baruchel", "name": "\u6770\u4f0a\u00b7\u5df4\u9c81\u5207\u5c14", "alt": "https:\/\/movie.douban.com\/celebrity\/1002664\/", "id": "1002664"}, {"avatars": {"small": "https://img3.doubanio.com\/view\/celebrity\/s_ratio_celebrity\/public\/p28644.webp", "large": "https://img3.doubanio.com\/view\/celebrity\/s_ratio_celebrity\/public\/p28644.webp", "medium": "https://img3.doubanio.com\/view\/celebrity\/s_ratio_celebrity\/public\/p28644.webp"}, "name_en": "America Ferrera", "name": "\u4e9a\u7f8e\u8389\u5361\u00b7\u8d39\u96f7\u62c9", "alt": "https:\/\/movie.douban.com\/celebrity\/1000055\/", "id": "1000055"}, {"avatars": {"small": "https://img3.doubanio.com\/view\/celebrity\/s_ratio_celebrity\/public\/p46425.webp", "large": "https://img3.doubanio.com\/view\/celebrity\/s_ratio_celebrity\/public\/p46425.webp", "medium": "https://img3.doubanio.com\/view\/celebrity\/s_ratio_celebrity\/public\/p46425.webp"}, "name_en": "Cate Blanchett", "name": "\u51ef\u7279\u00b7\u5e03\u5170\u5207\u7279", "alt": "https:\/\/movie.douban.com\/celebrity\/1054441\/", "id": "1054441"}], "durations": ["104\u5206\u949f"], "collect_count": 4374, "mainland_pubdate": "2019-03-01", "has_video": false, "original_title": "How To Train Your Dragon: The Hidden World", "subtype": "movie", "directors": [{"avatars": {"small": "https://img1.doubanio.com\/view\/celebrity\/s_ratio_celebrity\/public\/p18169.webp", "large": "https://img1.doubanio.com\/view\/celebrity\/s_ratio_celebrity\/public\/p18169.webp", "medium": "https://img1.doubanio.com\/view\/celebrity\/s_ratio_celebrity\/public\/p18169.webp"}, "name_en": "Dean DeBlois", "name": "\u8fea\u6069\u00b7\u5fb7\u5e03\u6d1b\u65af", "alt": "https:\/\/movie.douban.com\/celebrity\/1018302\/", "id": "1018302"}], "pubdates": ["2019-01-03(\u6fb3\u5927\u5229\u4e9a)", "2019-02-22(\u7f8e\u56fd)", "2019-03-01(\u4e2d\u56fd\u5927\u9646)"], "year": "2019", "images": {"small": "https://img3.doubanio.com\/view\/photo\/s_ratio_poster\/public\/p2546335362.webp", "large": "https://img3.doubanio.com\/view\/photo\/s_ratio_poster\/public\/p2546335362.webp", "medium": "https://img3.doubanio.com\/view\/photo\/s_ratio_poster\/public\/p2546335362.webp"}, "alt": "https:\/\/movie.douban.com\/subject\/19899707\/", "id": "19899707"}, {"rating": {"max": 10, "average": 8.6, "details": {"1": 0.0, "3": 21.0, "2": 0.0, "5": 73.0, "4": 68.0}, "stars": "45", "min": 0}, "genres": ["\u5267\u60c5", "\u52a8\u753b", "\u5947\u5e7b"], "title": "\u590f\u76ee\u53cb\u4eba\u5e10", "casts": [{"avatars": {"small": "https://img3.doubanio.com\/view\/celebrity\/s_ratio_celebrity\/public\/p23870.webp", "large": "https://img3.doubanio.com\/view\/celebrity\/s_ratio_celebrity\/public\/p23870.webp", "medium": "https://img3.doubanio.com\/view\/celebrity\/s_ratio_celebrity\/public\/p23870.webp"}, "name_en": "Hiroshi Kamiya", "name": "\u795e\u8c37\u6d69\u53f2", "alt": "https:\/\/movie.douban.com\/celebrity\/1274377\/", "id": "1274377"}, {"avatars": {"small": "https://img1.doubanio.com\/view\/celebrity\/s_ratio_celebrity\/public\/p5198.webp", "large": "https://img1.doubanio.com\/view\/celebrity\/s_ratio_celebrity\/public\/p5198.webp", "medium": "https://img1.doubanio.com\/view\/celebrity\/s_ratio_celebrity\/public\/p5198.webp"}, "name_en": "Kazuhiko Inoue", "name": "\u4e95\u4e0a\u548c\u5f66", "alt": "https:\/\/movie.douban.com\/celebrity\/1003523\/", "id": "1003523"}, {"avatars": {"small": "https://img3.doubanio.com\/view\/celebrity\/s_ratio_celebrity\/public\/p1131.webp", "large": "https://img3.doubanio.com\/view\/celebrity\/s_ratio_celebrity\/public\/p1131.webp", "medium": "https://img3.doubanio.com\/view\/celebrity\/s_ratio_celebrity\/public\/p1131.webp"}, "name_en": "Kengo Kora", "name": "\u9ad8\u826f\u5065\u543e", "alt": "https:\/\/movie.douban.com\/celebrity\/1042089\/", "id": "1042089"}], "durations": ["104\u5206\u949f"], "collect_count": 1275, "mainland_pubdate": "2019-03-07", "has_video": false, "original_title": "\u5287\u5834\u7248 \u590f\u76ee\u53cb\u4eba\u5e33 \uff5e\u3046\u3064\u305b\u307f\u306b\u7d50\u3076\uff5e", "subtype": "movie", "directors": [{"avatars": {"small": "https://img1.doubanio.com\/view\/celebrity\/s_ratio_celebrity\/public\/p21498.webp", "large": "https://img1.doubanio.com\/view\/celebrity\/s_ratio_celebrity\/public\/p21498.webp", "medium": "https://img1.doubanio.com\/view\/celebrity\/s_ratio_celebrity\/public\/p21498.webp"}, "name_en": "Takahiro Omori", "name": "\u5927\u68ee\u8d35\u5f18", "alt": "https:\/\/movie.douban.com\/celebrity\/1275191\/", "id": "1275191"}, {"avatars": null, "name_en": "", "name": "\u4f0a\u85e4\u79c0\u6a39", "alt": null, "id": null}], "pubdates": ["2018-09-29(\u65e5\u672c)", "2019-03-07(\u4e2d\u56fd\u5927\u9646)"], "year": "2018", "images": {"small": "https://img1.doubanio.com\/view\/photo\/s_ratio_poster\/public\/p2546745948.webp", "large": "https://img1.doubanio.com\/view\/photo\/s_ratio_poster\/public\/p2546745948.webp", "medium": "https://img1.doubanio.com\/view\/photo\/s_ratio_poster\/public\/p2546745948.webp"}, "alt": "https:\/\/movie.douban.com\/subject\/27166442\/", "id": "27166442"}, {"rating": {"max": 10, "average": 0, "details": {"1": 0, "3": 0, "2": 0, "5": 0, "4": 0}, "stars": "00", "min": 0}, "genres": ["\u52a8\u4f5c", "\u79d1\u5e7b", "\u5192\u9669"], "title": "\u60ca\u5947\u961f\u957f", "casts": [{"avatars": {"small": "https://img3.doubanio.com\/view\/celebrity\/s_ratio_celebrity\/public\/p1392029372.12.webp", "large": "https://img3.doubanio.com\/view\/celebrity\/s_ratio_celebrity\/public\/p1392029372.12.webp", "medium": "https://img3.doubanio.com\/view\/celebrity\/s_ratio_celebrity\/public\/p1392029372.12.webp"}, "name_en": "Brie Larson", "name": "\u5e03\u4e3d\u00b7\u62c9\u5c14\u68ee", "alt": "https:\/\/movie.douban.com\/celebrity\/1027194\/", "id": "1027194"}, {"avatars": {"small": "https://img3.doubanio.com\/view\/celebrity\/s_ratio_celebrity\/public\/p1365913316.45.webp", "large": "https://img3.doubanio.com\/view\/celebrity\/s_ratio_celebrity\/public\/p1365913316.45.webp", "medium": "https://img3.doubanio.com\/view\/celebrity\/s_ratio_celebrity\/public\/p1365913316.45.webp"}, "name_en": "Samuel L. Jackson", "name": "\u585e\u7f2a\u5c14\u00b7\u6770\u514b\u900a", "alt": "https:\/\/movie.douban.com\/celebrity\/1054408\/", "id": "1054408"}, {"avatars": {"small": "https://img1.doubanio.com\/view\/celebrity\/s_ratio_celebrity\/public\/p1539836726.88.webp", "large": "https://img1.doubanio.com\/view\/celebrity\/s_ratio_celebrity\/public\/p1539836726.88.webp", "medium": "https://img1.doubanio.com\/view\/celebrity\/s_ratio_celebrity\/public\/p1539836726.88.webp"}, "name_en": "Mckenna Grace", "name": "\u9ea6\u80af\u5a1c\u00b7\u683c\u745e\u4e1d", "alt": "https:\/\/movie.douban.com\/celebrity\/1340538\/", "id": "1340538"}], "durations": ["128\u5206\u949f"], "collect_count": 2411, "mainland_pubdate": "2019-03-08", "has_video": false, "original_title": "Captain Marvel", "subtype": "movie", "directors": [{"avatars": {"small": "https://img3.doubanio.com\/view\/celebrity\/s_ratio_celebrity\/public\/p20912.webp", "large": "https://img3.doubanio.com\/view\/celebrity\/s_ratio_celebrity\/public\/p20912.webp", "medium": "https://img3.doubanio.com\/view\/celebrity\/s_ratio_celebrity\/public\/p20912.webp"}, "name_en": "Anna Boden", "name": "\u5b89\u5a1c\u00b7\u6ce2\u987f", "alt": "https:\/\/movie.douban.com\/celebrity\/1306067\/", "id": "1306067"}, {"avatars": {"small": "https://img3.doubanio.com\/view\/celebrity\/s_ratio_celebrity\/public\/p34806.webp", "large": "https://img3.doubanio.com\/view\/celebrity\/s_ratio_celebrity\/public\/p34806.webp", "medium": "https://img3.doubanio.com\/view\/celebrity\/s_ratio_celebrity\/public\/p34806.webp"}, "name_en": "Ryan Fleck", "name": "\u745e\u5b89\u00b7\u5f17\u96f7\u514b", "alt": "https:\/\/movie.douban.com\/celebrity\/1050201\/", "id": "1050201"}], "pubdates": ["2019-03-08(\u7f8e\u56fd)", "2019-03-08(\u4e2d\u56fd\u5927\u9646)"], "year": "2019", "images": {"small": "https://img3.doubanio.com\/view\/photo\/s_ratio_poster\/public\/p2547210584.webp", "large": "https://img3.doubanio.com\/view\/photo\/s_ratio_poster\/public\/p2547210584.webp", "medium": "https://img3.doubanio.com\/view\/photo\/s_ratio_poster\/public\/p2547210584.webp"}, "alt": "https:\/\/movie.douban.com\/subject\/26213252\/", "id": "26213252"}, {"rating": {"max": 10, "average": 8.0, "details": {"1": 2.0, "3": 56.0, "2": 2.0, "5": 73.0, "4": 191.0}, "stars": "40", "min": 0}, "genres": ["\u5267\u60c5"], "title": "\u8fc7\u6625\u5929", "casts": [{"avatars": {"small": "https://img1.doubanio.com\/view\/celebrity\/s_ratio_celebrity\/public\/p1546503414.47.webp", "large": "https://img1.doubanio.com\/view\/celebrity\/s_ratio_celebrity\/public\/p1546503414.47.webp", "medium": "https://img1.doubanio.com\/view\/celebrity\/s_ratio_celebrity\/public\/p1546503414.47.webp"}, "name_en": "Yao Huang", "name": "\u9ec4\u5c27", "alt": "https:\/\/movie.douban.com\/celebrity\/1378152\/", "id": "1378152"}, {"avatars": {"small": "https://img1.doubanio.com\/view\/celebrity\/s_ratio_celebrity\/public\/p1539914909.97.webp", "large": "https://img1.doubanio.com\/view\/celebrity\/s_ratio_celebrity\/public\/p1539914909.97.webp", "medium": "https://img1.doubanio.com\/view\/celebrity\/s_ratio_celebrity\/public\/p1539914909.97.webp"}, "name_en": "Yang Sun", "name": "\u5b59\u9633", "alt": "https:\/\/movie.douban.com\/celebrity\/1350411\/", "id": "1350411"}, {"avatars": {"small": "https://img1.doubanio.com\/view\/celebrity\/s_ratio_celebrity\/public\/p1463972007.68.webp", "large": "https://img1.doubanio.com\/view\/celebrity\/s_ratio_celebrity\/public\/p1463972007.68.webp", "medium": "https://img1.doubanio.com\/view\/celebrity\/s_ratio_celebrity\/public\/p1463972007.68.webp"}, "name_en": "Carmen Tong", "name": "\u6c64\u52a0\u6587", "alt": "https:\/\/movie.douban.com\/celebrity\/1358039\/", "id": "1358039"}], "durations": ["99\u5206\u949f"], "collect_count": 2711, "mainland_pubdate": "2019-03-08", "has_video": false, "original_title": "\u8fc7\u6625\u5929", "subtype": "movie", "directors": [{"avatars": {"small": "https://img1.doubanio.com\/view\/celebrity\/s_ratio_celebrity\/public\/p1534488440.19.webp", "large": "https://img1.doubanio.com\/view\/celebrity\/s_ratio_celebrity\/public\/p1534488440.19.webp", "medium": "https://img1.doubanio.com\/view\/celebrity\/s_ratio_celebrity\/public\/p1534488440.19.webp"}, "name_en": "Xue Bai", "name": "\u767d\u96ea", "alt": "https:\/\/movie.douban.com\/celebrity\/1399194\/", "id": "1399194"}], "pubdates": ["2018-09-08(\u591a\u4f26\u591a\u7535\u5f71\u8282)", "2019-03-08(\u4e2d\u56fd\u5927\u9646)"], "year": "2018", "images": {"small": "https://img3.doubanio.com\/view\/photo\/s_ratio_poster\/public\/p2544425813.webp", "large": "https://img3.doubanio.com\/view\/photo\/s_ratio_poster\/public\/p2544425813.webp", "medium": "https://img3.doubanio.com\/view\/photo\/s_ratio_poster\/public\/p2544425813.webp"}, "alt": "https:\/\/movie.douban.com\/subject\/27191431\/", "id": "27191431"}, {"rating": {"max": 10, "average": 0, "details": {"1": 0, "3": 0, "2": 0, "5": 0, "4": 0}, "stars": "00", "min": 0}, "genres": ["\u7231\u60c5"], "title": "\u5728\u4e4e\u4f60", "casts": [{"avatars": {"small": "https://img1.doubanio.com\/view\/celebrity\/s_ratio_celebrity\/public\/p1364106535.09.webp", "large": "https://img1.doubanio.com\/view\/celebrity\/s_ratio_celebrity\/public\/p1364106535.09.webp", "medium": "https://img1.doubanio.com\/view\/celebrity\/s_ratio_celebrity\/public\/p1364106535.09.webp"}, "name_en": "Faye Yu", "name": "\u4fde\u98de\u9e3f", "alt": "https:\/\/movie.douban.com\/celebrity\/1014618\/", "id": "1014618"}, {"avatars": {"small": "https://img1.doubanio.com\/view\/celebrity\/s_ratio_celebrity\/public\/p1364496491.17.webp", "large": "https://img1.doubanio.com\/view\/celebrity\/s_ratio_celebrity\/public\/p1364496491.17.webp", "medium": "https://img1.doubanio.com\/view\/celebrity\/s_ratio_celebrity\/public\/p1364496491.17.webp"}, "name_en": "Takao \u00d4sawa", "name": "\u5927\u6cfd\u9686\u592b", "alt": "https:\/\/movie.douban.com\/celebrity\/1134773\/", "id": "1134773"}, {"avatars": {"small": "https://img3.doubanio.com\/view\/celebrity\/s_ratio_celebrity\/public\/p1529044556.91.webp", "large": "https://img3.doubanio.com\/view\/celebrity\/s_ratio_celebrity\/public\/p1529044556.91.webp", "medium": "https://img3.doubanio.com\/view\/celebrity\/s_ratio_celebrity\/public\/p1529044556.91.webp"}, "name_en": "Ayane Kinoshita", "name": "\u6728\u4e0b\u5f69\u97f3", "alt": "https:\/\/movie.douban.com\/celebrity\/1395517\/", "id": "1395517"}], "durations": [], "collect_count": 40, "mainland_pubdate": "2019-03-08", "has_video": false, "original_title": "\u5728\u4e4e\u4f60", "subtype": "movie", "directors": [{"avatars": {"small": "https://img1.doubanio.com\/view\/celebrity\/s_ratio_celebrity\/public\/p1355295036.29.webp", "large": "https://img1.doubanio.com\/view\/celebrity\/s_ratio_celebrity\/public\/p1355295036.29.webp", "medium": "https://img1.doubanio.com\/view\/celebrity\/s_ratio_celebrity\/public\/p1355295036.29.webp"}, "name_en": "Kenneth Bi", "name": "\u6bd5\u56fd\u667a", "alt": "https:\/\/movie.douban.com\/celebrity\/1278580\/", "id": "1278580"}], "pubdates": ["2019-03-08(\u4e2d\u56fd\u5927\u9646)"], "year": "2019", "images": {"small": "https://img3.doubanio.com\/view\/photo\/s_ratio_poster\/public\/p2543614693.webp", "large": "https://img3.doubanio.com\/view\/photo\/s_ratio_poster\/public\/p2543614693.webp", "medium": "https://img3.doubanio.com\/view\/photo\/s_ratio_poster\/public\/p2543614693.webp"}, "alt": "https:\/\/movie.douban.com\/subject\/27185558\/", "id": "27185558"}, {"rating": {"max": 10, "average": 0, "details": {"1": 0, "3": 0, "2": 0, "5": 0, "4": 0}, "stars": "00", "min": 0}, "genres": ["\u60ac\u7591", "\u60ca\u609a", "\u6050\u6016"], "title": "\u51cc\u6668\u4e24\u70b9\u534a2", "casts": [{"avatars": {"small": "https://img1.doubanio.com\/view\/celebrity\/s_ratio_celebrity\/public\/p1539229694.9.webp", "large": "https://img1.doubanio.com\/view\/celebrity\/s_ratio_celebrity\/public\/p1539229694.9.webp", "medium": "https://img1.doubanio.com\/view\/celebrity\/s_ratio_celebrity\/public\/p1539229694.9.webp"}, "name_en": "Jianxiong Peng", "name": "\u5f6d\u5251\u96c4", "alt": "https:\/\/movie.douban.com\/celebrity\/1402475\/", "id": "1402475"}, {"avatars": {"small": "https://img1.doubanio.com\/f\/movie\/ca527386eb8c4e325611e22dfcb04cc116d6b423\/pics\/movie\/celebrity-default-small.png", "large": "https://img3.doubanio.com\/f\/movie\/63acc16ca6309ef191f0378faf793d1096a3e606\/pics\/movie\/celebrity-default-large.png", "medium": "https://img1.doubanio.com\/f\/movie\/8dd0c794499fe925ae2ae89ee30cd225750457b4\/pics\/movie\/celebrity-default-medium.png"}, "name_en": "Luwen Zhang", "name": "\u5f20\u9732\u6587", "alt": "https:\/\/movie.douban.com\/celebrity\/1406889\/", "id": "1406889"}, {"avatars": {"small": "https://img1.doubanio.com\/f\/movie\/ca527386eb8c4e325611e22dfcb04cc116d6b423\/pics\/movie\/celebrity-default-small.png", "large": "https://img3.doubanio.com\/f\/movie\/63acc16ca6309ef191f0378faf793d1096a3e606\/pics\/movie\/celebrity-default-large.png", "medium": "https://img1.doubanio.com\/f\/movie\/8dd0c794499fe925ae2ae89ee30cd225750457b4\/pics\/movie\/celebrity-default-medium.png"}, "name_en": "Zun Wang", "name": "\u738b\u5c0a", "alt": "https:\/\/movie.douban.com\/celebrity\/1406890\/", "id": "1406890"}], "durations": ["90\u5206\u949f"], "collect_count": 39, "mainland_pubdate": "2019-03-08", "has_video": false, "original_title": "\u51cc\u6668\u4e24\u70b9\u534a2", "subtype": "movie", "directors": [{"avatars": {"small": "https://img1.doubanio.com\/f\/movie\/ca527386eb8c4e325611e22dfcb04cc116d6b423\/pics\/movie\/celebrity-default-small.png", "large": "https://img3.doubanio.com\/f\/movie\/63acc16ca6309ef191f0378faf793d1096a3e606\/pics\/movie\/celebrity-default-large.png", "medium": "https://img1.doubanio.com\/f\/movie\/8dd0c794499fe925ae2ae89ee30cd225750457b4\/pics\/movie\/celebrity-default-medium.png"}, "name_en": "", "name": "\u738b\u8d5b", "alt": "https:\/\/movie.douban.com\/celebrity\/1406888\/", "id": "1406888"}], "pubdates": ["2019-03-08(\u4e2d\u56fd\u5927\u9646)"], "year": "2019", "images": {"small": "https://img3.doubanio.com\/view\/photo\/s_ratio_poster\/public\/p2542978731.webp", "large": "https://img3.doubanio.com\/view\/photo\/s_ratio_poster\/public\/p2542978731.webp", "medium": "https://img3.doubanio.com\/view\/photo\/s_ratio_poster\/public\/p2542978731.webp"}, "alt": "https:\/\/movie.douban.com\/subject\/30338444\/", "id": "30338444"}, {"rating": {"max": 10, "average": 0, "details": {"1": 0, "3": 0, "2": 0, "5": 0, "4": 0}, "stars": "00", "min": 0}, "genres": ["\u5267\u60c5"], "title": "\u4f3c\u6c34\u6d41\u5e74", "casts": [{"avatars": {"small": "https://img3.doubanio.com\/view\/celebrity\/s_ratio_celebrity\/public\/p1533109451.03.webp", "large": "https://img3.doubanio.com\/view\/celebrity\/s_ratio_celebrity\/public\/p1533109451.03.webp", "medium": "https://img3.doubanio.com\/view\/celebrity\/s_ratio_celebrity\/public\/p1533109451.03.webp"}, "name_en": "Kun Hu", "name": "\u80e1\u7428", "alt": "https:\/\/movie.douban.com\/celebrity\/1372978\/", "id": "1372978"}, {"avatars": {"small": "https://img3.doubanio.com\/view\/celebrity\/s_ratio_celebrity\/public\/p1464401597.86.webp", "large": "https://img3.doubanio.com\/view\/celebrity\/s_ratio_celebrity\/public\/p1464401597.86.webp", "medium": "https://img3.doubanio.com\/view\/celebrity\/s_ratio_celebrity\/public\/p1464401597.86.webp"}, "name_en": "Junchen Chu", "name": "\u521d\u4fca\u8fb0", "alt": "https:\/\/movie.douban.com\/celebrity\/1357954\/", "id": "1357954"}, {"avatars": {"small": "https://img3.doubanio.com\/view\/celebrity\/s_ratio_celebrity\/public\/p1542877188.62.webp", "large": "https://img3.doubanio.com\/view\/celebrity\/s_ratio_celebrity\/public\/p1542877188.62.webp", "medium": "https://img3.doubanio.com\/view\/celebrity\/s_ratio_celebrity\/public\/p1542877188.62.webp"}, "name_en": "", "name": "\u674e\u4e91\u8d6b", "alt": "https:\/\/movie.douban.com\/celebrity\/1405052\/", "id": "1405052"}], "durations": ["117\u5206\u949f"], "collect_count": 56, "mainland_pubdate": "2019-03-08", "has_video": false, "original_title": "\u4f3c\u6c34\u6d41\u5e74", "subtype": "movie", "directors": [{"avatars": {"small": "https://img3.doubanio.com\/view\/celebrity\/s_ratio_celebrity\/public\/p1542877148.4.webp", "large": "https://img3.doubanio.com\/view\/celebrity\/s_ratio_celebrity\/public\/p1542877148.4.webp", "medium": "https://img3.doubanio.com\/view\/celebrity\/s_ratio_celebrity\/public\/p1542877148.4.webp"}, "name_en": "", "name": "\u90d1\u541b\u5947", "alt": "https:\/\/movie.douban.com\/celebrity\/1405049\/", "id": "1405049"}, {"avatars": {"small": "https://img1.doubanio.com\/view\/celebrity\/s_ratio_celebrity\/public\/p1542877161.07.webp", "large": "https://img1.doubanio.com\/view\/celebrity\/s_ratio_celebrity\/public\/p1542877161.07.webp", "medium": "https://img1.doubanio.com\/view\/celebrity\/s_ratio_celebrity\/public\/p1542877161.07.webp"}, "name_en": "", "name": "\u674e\u9f99\u4fca", "alt": "https:\/\/movie.douban.com\/celebrity\/1405050\/", "id": "1405050"}], "pubdates": ["2019-03-08(\u4e2d\u56fd\u5927\u9646)"], "year": "2019", "images": {"small": "https://img3.doubanio.com\/view\/photo\/s_ratio_poster\/public\/p2540569584.webp", "large": "https://img3.doubanio.com\/view\/photo\/s_ratio_poster\/public\/p2540569584.webp", "medium": "https://img3.doubanio.com\/view\/photo\/s_ratio_poster\/public\/p2540569584.webp"}, "alt": "https:\/\/movie.douban.com\/subject\/30384186\/", "id": "30384186"}, {"rating": {"max": 10, "average": 0, "details": {"1": 0, "3": 0, "2": 0, "5": 0, "4": 0}, "stars": "00", "min": 0}, "genres": ["\u7231\u60c5"], "title": "\u6211\u4eec\u7684\u7231\u60c5", "casts": [{"avatars": {"small": "https://img3.doubanio.com\/view\/celebrity\/s_ratio_celebrity\/public\/p1545619089.2.webp", "large": "https://img3.doubanio.com\/view\/celebrity\/s_ratio_celebrity\/public\/p1545619089.2.webp", "medium": "https://img3.doubanio.com\/view\/celebrity\/s_ratio_celebrity\/public\/p1545619089.2.webp"}, "name_en": "Han'anni Dai", "name": "\u6234\u97e9\u5b89\u59ae", "alt": "https:\/\/movie.douban.com\/celebrity\/1407514\/", "id": "1407514"}, {"avatars": {"small": "https://img1.doubanio.com\/f\/movie\/ca527386eb8c4e325611e22dfcb04cc116d6b423\/pics\/movie\/celebrity-default-small.png", "large": "https://img3.doubanio.com\/f\/movie\/63acc16ca6309ef191f0378faf793d1096a3e606\/pics\/movie\/celebrity-default-large.png", "medium": "https://img1.doubanio.com\/f\/movie\/8dd0c794499fe925ae2ae89ee30cd225750457b4\/pics\/movie\/celebrity-default-medium.png"}, "name_en": "Guannan Liu", "name": "\u5218\u51a0\u7537", "alt": "https:\/\/movie.douban.com\/celebrity\/1410189\/", "id": "1410189"}, {"avatars": {"small": "https://img1.doubanio.com\/view\/celebrity\/s_ratio_celebrity\/public\/p1502336007.78.webp", "large": "https://img1.doubanio.com\/view\/celebrity\/s_ratio_celebrity\/public\/p1502336007.78.webp", "medium": "https://img1.doubanio.com\/view\/celebrity\/s_ratio_celebrity\/public\/p1502336007.78.webp"}, "name_en": "Hui Ma", "name": "\u9a6c\u5349", "alt": "https:\/\/movie.douban.com\/celebrity\/1378790\/", "id": "1378790"}], "durations": [], "collect_count": 6, "mainland_pubdate": "2019-03-08", "has_video": false, "original_title": "\u6211\u4eec\u7684\u7231\u60c5", "subtype": "movie", "directors": [{"avatars": {"small": "https://img1.doubanio.com\/f\/movie\/ca527386eb8c4e325611e22dfcb04cc116d6b423\/pics\/movie\/celebrity-default-small.png", "large": "https://img3.doubanio.com\/f\/movie\/63acc16ca6309ef191f0378faf793d1096a3e606\/pics\/movie\/celebrity-default-large.png", "medium": "https://img1.doubanio.com\/f\/movie\/8dd0c794499fe925ae2ae89ee30cd225750457b4\/pics\/movie\/celebrity-default-medium.png"}, "name_en": "Xiaobai Wang", "name": "\u6c6a\u5c0f\u767d", "alt": "https:\/\/movie.douban.com\/celebrity\/1410188\/", "id": "1410188"}], "pubdates": ["2019-03-08(\u4e2d\u56fd\u5927\u9646)"], "year": "2019", "images": {"small": "https://img1.doubanio.com\/view\/photo\/s_ratio_poster\/public\/p2543521349.webp", "large": "https://img1.doubanio.com\/view\/photo\/s_ratio_poster\/public\/p2543521349.webp", "medium": "https://img1.doubanio.com\/view\/photo\/s_ratio_poster\/public\/p2543521349.webp"}, "alt": "https:\/\/movie.douban.com\/subject\/30378898\/", "id": "30378898"}, {"rating": {"max": 10, "average": 0, "details": {"1": 0, "3": 0, "2": 0, "5": 0, "4": 0}, "stars": "00", "min": 0}, "genres": ["\u5267\u60c5"], "title": "\u9633\u53f0\u4e0a", "casts": [{"avatars": {"small": "https://img1.doubanio.com\/view\/celebrity\/s_ratio_celebrity\/public\/p36798.webp", "large": "https://img1.doubanio.com\/view\/celebrity\/s_ratio_celebrity\/public\/p36798.webp", "medium": "https://img1.doubanio.com\/view\/celebrity\/s_ratio_celebrity\/public\/p36798.webp"}, "name_en": "Dongyu Zhou", "name": "\u5468\u51ac\u96e8", "alt": "https:\/\/movie.douban.com\/celebrity\/1274224\/", "id": "1274224"}, {"avatars": {"small": "https://img3.doubanio.com\/view\/celebrity\/s_ratio_celebrity\/public\/p1505964712.56.webp", "large": "https://img3.doubanio.com\/view\/celebrity\/s_ratio_celebrity\/public\/p1505964712.56.webp", "medium": "https://img3.doubanio.com\/view\/celebrity\/s_ratio_celebrity\/public\/p1505964712.56.webp"}, "name_en": "Qiang Wang", "name": "\u738b\u9535", "alt": "https:\/\/movie.douban.com\/celebrity\/1381513\/", "id": "1381513"}], "durations": [], "collect_count": 53, "mainland_pubdate": "2019-03-15", "has_video": false, "original_title": "\u9633\u53f0\u4e0a", "subtype": "movie", "directors": [{"avatars": {"small": "https://img3.doubanio.com\/view\/celebrity\/s_ratio_celebrity\/public\/p21865.webp", "large": "https://img3.doubanio.com\/view\/celebrity\/s_ratio_celebrity\/public\/p21865.webp", "medium": "https://img3.doubanio.com\/view\/celebrity\/s_ratio_celebrity\/public\/p21865.webp"}, "name_en": "Meng Zhang", "name": "\u5f20\u731b", "alt": "https:\/\/movie.douban.com\/celebrity\/1314120\/", "id": "1314120"}], "pubdates": ["2019-03-15(\u4e2d\u56fd\u5927\u9646)"], "year": "2019", "images": {"small": "https://img3.doubanio.com\/view\/photo\/s_ratio_poster\/public\/p2546828235.webp", "large": "https://img3.doubanio.com\/view\/photo\/s_ratio_poster\/public\/p2546828235.webp", "medium": "https://img3.doubanio.com\/view\/photo\/s_ratio_poster\/public\/p2546828235.webp"}, "alt": "https:\/\/movie.douban.com\/subject\/27135473\/", "id": "27135473"}, {"rating": {"max": 10, "average": 0, "details": {"1": 0, "3": 0, "2": 0, "5": 0, "4": 0}, "stars": "00", "min": 0}, "genres": ["\u52a8\u753b"], "title": "\u6c5f\u6d77\u6e14\u7ae5\u4e4b\u5de8\u9f9f\u5947\u7f18", "casts": [{"avatars": {"small": "https://img1.doubanio.com\/view\/celebrity\/s_ratio_celebrity\/public\/p1543991932.57.webp", "large": "https://img1.doubanio.com\/view\/celebrity\/s_ratio_celebrity\/public\/p1543991932.57.webp", "medium": "https://img1.doubanio.com\/view\/celebrity\/s_ratio_celebrity\/public\/p1543991932.57.webp"}, "name_en": "Guangpuzhao Yang", "name": "\u6768\u5149\u666e\u7167", "alt": "https:\/\/movie.douban.com\/celebrity\/1399289\/", "id": "1399289"}, {"avatars": {"small": "https://img1.doubanio.com\/view\/celebrity\/s_ratio_celebrity\/public\/p1543991949.9.webp", "large": "https://img1.doubanio.com\/view\/celebrity\/s_ratio_celebrity\/public\/p1543991949.9.webp", "medium": "https://img1.doubanio.com\/view\/celebrity\/s_ratio_celebrity\/public\/p1543991949.9.webp"}, "name_en": "Lei Zhang", "name": "\u5f20\u78ca", "alt": "https:\/\/movie.douban.com\/celebrity\/1340809\/", "id": "1340809"}, {"avatars": {"small": "https://img3.doubanio.com\/view\/celebrity\/s_ratio_celebrity\/public\/p1478051011.64.webp", "large": "https://img3.doubanio.com\/view\/celebrity\/s_ratio_celebrity\/public\/p1478051011.64.webp", "medium": "https://img3.doubanio.com\/view\/celebrity\/s_ratio_celebrity\/public\/p1478051011.64.webp"}, "name_en": "Zhengjian Guo", "name": "\u90ed\u653f\u5efa", "alt": "https:\/\/movie.douban.com\/celebrity\/1325740\/", "id": "1325740"}], "durations": ["80\u5206\u949f"], "collect_count": 8, "mainland_pubdate": "2019-03-15", "has_video": false, "original_title": "\u6c5f\u6d77\u6e14\u7ae5\u4e4b\u5de8\u9f9f\u5947\u7f18", "subtype": "movie", "directors": [{"avatars": {"small": "https://img3.doubanio.com\/view\/celebrity\/s_ratio_celebrity\/public\/p1490158129.92.webp", "large": "https://img3.doubanio.com\/view\/celebrity\/s_ratio_celebrity\/public\/p1490158129.92.webp", "medium": "https://img3.doubanio.com\/view\/celebrity\/s_ratio_celebrity\/public\/p1490158129.92.webp"}, "name_en": "Liyan Zhang", "name": "\u5f20\u7acb\u884d", "alt": "https:\/\/movie.douban.com\/celebrity\/1370760\/", "id": "1370760"}], "pubdates": ["2019-03-15(\u4e2d\u56fd\u5927\u9646)"], "year": "2019", "images": {"small": "https://img3.doubanio.com\/view\/photo\/s_ratio_poster\/public\/p2543972722.webp", "large": "https://img3.doubanio.com\/view\/photo\/s_ratio_poster\/public\/p2543972722.webp", "medium": "https://img3.doubanio.com\/view\/photo\/s_ratio_poster\/public\/p2543972722.webp"}, "alt": "https:\/\/movie.douban.com\/subject\/27000904\/", "id": "27000904"}, {"rating": {"max": 10, "average": 0, "details": {"1": 0, "3": 0, "2": 0, "5": 0, "4": 0}, "stars": "00", "min": 0}, "genres": ["\u60ac\u7591", "\u60ca\u609a"], "title": "\u5c11\u5973\u5bbf\u820d", "casts": [{"avatars": {"small": "https://img3.doubanio.com\/view\/celebrity\/s_ratio_celebrity\/public\/p1480920311.96.webp", "large": "https://img3.doubanio.com\/view\/celebrity\/s_ratio_celebrity\/public\/p1480920311.96.webp", "medium": "https://img3.doubanio.com\/view\/celebrity\/s_ratio_celebrity\/public\/p1480920311.96.webp"}, "name_en": "Lin Chen", "name": "\u9648\u6dcb", "alt": "https:\/\/movie.douban.com\/celebrity\/1365415\/", "id": "1365415"}, {"avatars": null, "name_en": "", "name": "\u66f9\u8d8a", "alt": null, "id": null}, {"avatars": {"small": "https://img3.doubanio.com\/view\/celebrity\/s_ratio_celebrity\/public\/p34082.webp", "large": "https://img3.doubanio.com\/view\/celebrity\/s_ratio_celebrity\/public\/p34082.webp", "medium": "https://img3.doubanio.com\/view\/celebrity\/s_ratio_celebrity\/public\/p34082.webp"}, "name_en": "Kai Man Tin", "name": "\u7530\u542f\u6587", "alt": "https:\/\/movie.douban.com\/celebrity\/1315882\/", "id": "1315882"}], "durations": ["88\u5206\u949f"], "collect_count": 4, "mainland_pubdate": "2019-03-15", "has_video": false, "original_title": "\u5c11\u5973\u5bbf\u820d", "subtype": "movie", "directors": [{"avatars": {"small": "https://img1.doubanio.com\/view\/celebrity\/s_ratio_celebrity\/public\/p7708.webp", "large": "https://img1.doubanio.com\/view\/celebrity\/s_ratio_celebrity\/public\/p7708.webp", "medium": "https://img1.doubanio.com\/view\/celebrity\/s_ratio_celebrity\/public\/p7708.webp"}, "name_en": "Pan Pan Yeung", "name": "\u6768\u76fc\u76fc", "alt": "https:\/\/movie.douban.com\/celebrity\/1164633\/", "id": "1164633"}, {"avatars": null, "name_en": "", "name": "\u66f9\u5c1a\u6c34", "alt": null, "id": null}], "pubdates": ["2019-03-15(\u4e2d\u56fd\u5927\u9646)"], "year": "2019", "images": {"small": "https://img3.doubanio.com\/view\/photo\/s_ratio_poster\/public\/p2544993620.webp", "large": "https://img3.doubanio.com\/view\/photo\/s_ratio_poster\/public\/p2544993620.webp", "medium": "https://img3.doubanio.com\/view\/photo\/s_ratio_poster\/public\/p2544993620.webp"}, "alt": "https:\/\/movie.douban.com\/subject\/30426150\/", "id": "30426150"}, {"rating": {"max": 10, "average": 0, "details": {"1": 0, "3": 0, "2": 0, "5": 0, "4": 0}, "stars": "00", "min": 0}, "genres": ["\u559c\u5267"], "title": "\u4eba\u95f4\u00b7\u559c\u5267", "casts": [{"avatars": {"small": "https://img3.doubanio.com\/view\/celebrity\/s_ratio_celebrity\/public\/p1437031126.82.webp", "large": "https://img3.doubanio.com\/view\/celebrity\/s_ratio_celebrity\/public\/p1437031126.82.webp", "medium": "https://img3.doubanio.com\/view\/celebrity\/s_ratio_celebrity\/public\/p1437031126.82.webp"}, "name_en": "Allen", "name": "\u827e\u4f26", "alt": "https:\/\/movie.douban.com\/celebrity\/1350408\/", "id": "1350408"}, {"avatars": {"small": "https://img3.doubanio.com\/view\/celebrity\/s_ratio_celebrity\/public\/p1443582361.31.webp", "large": "https://img3.doubanio.com\/view\/celebrity\/s_ratio_celebrity\/public\/p1443582361.31.webp", "medium": "https://img3.doubanio.com\/view\/celebrity\/s_ratio_celebrity\/public\/p1443582361.31.webp"}, "name_en": "Zhi Wang", "name": "\u738b\u667a", "alt": "https:\/\/movie.douban.com\/celebrity\/1321587\/", "id": "1321587"}, {"avatars": {"small": "https://img3.doubanio.com\/view\/celebrity\/s_ratio_celebrity\/public\/p50150.webp", "large": "https://img3.doubanio.com\/view\/celebrity\/s_ratio_celebrity\/public\/p50150.webp", "medium": "https://img3.doubanio.com\/view\/celebrity\/s_ratio_celebrity\/public\/p50150.webp"}, "name_en": "Nuo Lu", "name": "\u9c81\u8bfa", "alt": "https:\/\/movie.douban.com\/celebrity\/1321098\/", "id": "1321098"}], "durations": [], "collect_count": 96, "mainland_pubdate": "2019-03-29", "has_video": false, "original_title": "\u4eba\u95f4\u00b7\u559c\u5267", "subtype": "movie", "directors": [{"avatars": {"small": "https://img1.doubanio.com\/view\/celebrity\/s_ratio_celebrity\/public\/p35187.webp", "large": "https://img1.doubanio.com\/view\/celebrity\/s_ratio_celebrity\/public\/p35187.webp", "medium": "https://img1.doubanio.com\/view\/celebrity\/s_ratio_celebrity\/public\/p35187.webp"}, "name_en": "Zhou Sun", "name": "\u5b59\u5468", "alt": "https:\/\/movie.douban.com\/celebrity\/1298649\/", "id": "1298649"}], "pubdates": ["2019-03-29(\u4e2d\u56fd\u5927\u9646)"], "year": "2019", "images": {"small": "https://img3.doubanio.com\/view\/photo\/s_ratio_poster\/public\/p2546991821.webp", "large": "https://img3.doubanio.com\/view\/photo\/s_ratio_poster\/public\/p2546991821.webp", "medium": "https://img3.doubanio.com\/view\/photo\/s_ratio_poster\/public\/p2546991821.webp"}, "alt": "https:\/\/movie.douban.com\/subject\/27179414\/", "id": "27179414"}, {"rating": {"max": 10, "average": 0, "details": {"1": 0, "3": 0, "2": 0, "5": 0, "4": 0}, "stars": "00", "min": 0}, "genres": ["\u559c\u5267", "\u7231\u60c5"], "title": "\u76ae\u76ae\u867e\u603b\u88c1", "casts": [{"avatars": {"small": "https://img3.doubanio.com\/view\/celebrity\/s_ratio_celebrity\/public\/p1535711387.32.webp", "large": "https://img3.doubanio.com\/view\/celebrity\/s_ratio_celebrity\/public\/p1535711387.32.webp", "medium": "https://img3.doubanio.com\/view\/celebrity\/s_ratio_celebrity\/public\/p1535711387.32.webp"}, "name_en": "Suya Sun", "name": "\u5b59\u82cf\u96c5", "alt": "https:\/\/movie.douban.com\/celebrity\/1392584\/", "id": "1392584"}, {"avatars": {"small": "https://img3.doubanio.com\/view\/celebrity\/s_ratio_celebrity\/public\/p1535711593.41.webp", "large": "https://img3.doubanio.com\/view\/celebrity\/s_ratio_celebrity\/public\/p1535711593.41.webp", "medium": "https://img3.doubanio.com\/view\/celebrity\/s_ratio_celebrity\/public\/p1535711593.41.webp"}, "name_en": "", "name": "\u91d1\u9633", "alt": "https:\/\/movie.douban.com\/celebrity\/1400169\/", "id": "1400169"}, {"avatars": {"small": "https://img1.doubanio.com\/view\/celebrity\/s_ratio_celebrity\/public\/p1535711367.89.webp", "large": "https://img1.doubanio.com\/view\/celebrity\/s_ratio_celebrity\/public\/p1535711367.89.webp", "medium": "https://img1.doubanio.com\/view\/celebrity\/s_ratio_celebrity\/public\/p1535711367.89.webp"}, "name_en": "Xudong Du", "name": "\u675c\u65ed\u4e1c", "alt": "https:\/\/movie.douban.com\/celebrity\/1313873\/", "id": "1313873"}], "durations": ["90\u5206\u949f"], "collect_count": 30, "mainland_pubdate": "", "has_video": false, "original_title": "\u76ae\u76ae\u867e\u603b\u88c1", "subtype": "movie", "directors": [{"avatars": {"small": "https://img1.doubanio.com\/view\/celebrity\/s_ratio_celebrity\/public\/p1535711353.57.webp", "large": "https://img1.doubanio.com\/view\/celebrity\/s_ratio_celebrity\/public\/p1535711353.57.webp", "medium": "https://img1.doubanio.com\/view\/celebrity\/s_ratio_celebrity\/public\/p1535711353.57.webp"}, "name_en": "", "name": "\u9648\u5c0f\u96e8", "alt": "https:\/\/movie.douban.com\/celebrity\/1400167\/", "id": "1400167"}], "pubdates": ["2019-03(\u4e2d\u56fd\u5927\u9646)"], "year": "2019", "images": {"small": "https://img3.doubanio.com\/view\/photo\/s_ratio_poster\/public\/p2544788692.webp", "large": "https://img3.doubanio.com\/view\/photo\/s_ratio_poster\/public\/p2544788692.webp", "medium": "https://img3.doubanio.com\/view\/photo\/s_ratio_poster\/public\/p2544788692.webp"}, "alt": "https:\/\/movie.douban.com\/subject\/30312070\/", "id": "30312070"}, {"rating": {"max": 10, "average": 0, "details": {"1": 0, "3": 0, "2": 0, "5": 0, "4": 0}, "stars": "00", "min": 0}, "genres": ["\u60ca\u609a"], "title": "\u789f\u4ed9\u5b9e\u5f55", "casts": [{"avatars": {"small": "https://img3.doubanio.com\/view\/celebrity\/s_ratio_celebrity\/public\/pjIjJYvA6dRkcel_avatar_uploaded1395890060.84.webp", "large": "https://img3.doubanio.com\/view\/celebrity\/s_ratio_celebrity\/public\/pjIjJYvA6dRkcel_avatar_uploaded1395890060.84.webp", "medium": "https://img3.doubanio.com\/view\/celebrity\/s_ratio_celebrity\/public\/pjIjJYvA6dRkcel_avatar_uploaded1395890060.84.webp"}, "name_en": "Mandy Lee", "name": "\u674e\u6f2b\u837b", "alt": "https:\/\/movie.douban.com\/celebrity\/1339425\/", "id": "1339425"}, {"avatars": {"small": "https://img1.doubanio.com\/view\/celebrity\/s_ratio_celebrity\/public\/p1435994595.87.webp", "large": "https://img1.doubanio.com\/view\/celebrity\/s_ratio_celebrity\/public\/p1435994595.87.webp", "medium": "https://img1.doubanio.com\/view\/celebrity\/s_ratio_celebrity\/public\/p1435994595.87.webp"}, "name_en": "Em Qi", "name": "\u9f50\u70ab\u5b87", "alt": "https:\/\/movie.douban.com\/celebrity\/1349812\/", "id": "1349812"}, {"avatars": {"small": "https://img1.doubanio.com\/view\/celebrity\/s_ratio_celebrity\/public\/p1467122681.57.webp", "large": "https://img1.doubanio.com\/view\/celebrity\/s_ratio_celebrity\/public\/p1467122681.57.webp", "medium": "https://img1.doubanio.com\/view\/celebrity\/s_ratio_celebrity\/public\/p1467122681.57.webp"}, "name_en": "Ding Ma", "name": "\u9a6c\u4e01", "alt": "https:\/\/movie.douban.com\/celebrity\/1358861\/", "id": "1358861"}], "durations": ["90\u5206\u949f"], "collect_count": 86, "mainland_pubdate": "", "has_video": false, "original_title": "\u789f\u4ed9\u5b9e\u5f55", "subtype": "movie", "directors": [{"avatars": {"small": "https://img3.doubanio.com\/view\/celebrity\/s_ratio_celebrity\/public\/p1486356015.36.webp", "large": "https://img3.doubanio.com\/view\/celebrity\/s_ratio_celebrity\/public\/p1486356015.36.webp", "medium": "https://img3.doubanio.com\/view\/celebrity\/s_ratio_celebrity\/public\/p1486356015.36.webp"}, "name_en": "Zhonghao Cheng", "name": "\u7a0b\u4e2d\u8c6a", "alt": "https:\/\/movie.douban.com\/celebrity\/1338541\/", "id": "1338541"}, {"avatars": {"small": "https://img3.doubanio.com\/view\/celebrity\/s_ratio_celebrity\/public\/p1485166628.86.webp", "large": "https://img3.doubanio.com\/view\/celebrity\/s_ratio_celebrity\/public\/p1485166628.86.webp", "medium": "https://img3.doubanio.com\/view\/celebrity\/s_ratio_celebrity\/public\/p1485166628.86.webp"}, "name_en": "Kai Wang", "name": "\u738b\u51ef", "alt": "https:\/\/movie.douban.com\/celebrity\/1338542\/", "id": "1338542"}], "pubdates": ["2019-03(\u4e2d\u56fd\u5927\u9646)"], "year": "2019", "images": {"small": "https://img3.doubanio.com\/view\/photo\/s_ratio_poster\/public\/p2513010136.webp", "large": "https://img3.doubanio.com\/view\/photo\/s_ratio_poster\/public\/p2513010136.webp", "medium": "https://img3.doubanio.com\/view\/photo\/s_ratio_poster\/public\/p2513010136.webp"}, "alt": "https:\/\/movie.douban.com\/subject\/26961483\/", "id": "26961483"}], "title": "\u5373\u5c06\u4e0a\u6620\u7684\u7535\u5f71"}