{"count": 20, "start": 0, "total": 22, "subjects": [{"rating": {"max": 10, "average": 7.9, "details": {"1": 1956.0, "3": 18408.0, "2": 3862.0, "5": 25995.0, "4": 32828.0}, "stars": "40", "min": 0}, "genres": ["\u79d1\u5e7b", "\u707e\u96be"], "title": "\u6d41\u6d6a\u5730\u7403", "casts": [{"avatars": {"small": "https://img3.doubanio.com\/view\/celebrity\/s_ratio_celebrity\/public\/p1533348792.03.webp", "large": "https://img3.doubanio.com\/view\/celebrity\/s_ratio_celebrity\/public\/p1533348792.03.webp", "medium": "https://img3.doubanio.com\/view\/celebrity\/s_ratio_celebrity\/public\/p1533348792.03.webp"}, "name_en": "Chuxiao Qu", "name": "\u5c48\u695a\u8427", "alt": "https:\/\/movie.douban.com\/celebrity\/1359081\/", "id": "1359081"}, {"avatars": {"small": "https://img3.doubanio.com\/view\/celebrity\/s_ratio_celebrity\/public\/p1501738155.24.webp", "large": "https://img3.doubanio.com\/view\/celebrity\/s_ratio_celebrity\/public\/p1501738155.24.webp", "medium": "https://img3.doubanio.com\/view\/celebrity\/s_ratio_celebrity\/public\/p1501738155.24.webp"}, "name_en": "Jing Wu", "name": "\u5434\u4eac", "alt": "https:\/\/movie.douban.com\/celebrity\/1000525\/", "id": "1000525"}, {"avatars": {"small": "https://img3.doubanio.com\/view\/celebrity\/s_ratio_celebrity\/public\/p1540619056.43.webp", "large": "https://img3.doubanio.com\/view\/celebrity\/s_ratio_celebrity\/public\/p1540619056.43.webp", "medium": "https://img3.doubanio.com\/view\/celebrity\/s_ratio_celebrity\/public\/p1540619056.43.webp"}, "name_en": "Guangjie Li", "name": "\u674e\u5149\u6d01", "alt": "https:\/\/movie.douban.com\/celebrity\/1275178\/", "id": "1275178"}], "durations": ["125\u5206\u949f"], "collect_count": 942919, "mainland_pubdate": "2019-02-05", "has_video": false, "original_title": "\u6d41\u6d6a\u5730\u7403", "subtype": "movie", "directors": [{"avatars": {"small": "https://img3.doubanio.com\/view\/celebrity\/s_ratio_celebrity\/public\/p1536678787.83.webp", "large": "https://img3.doubanio.com\/view\/celebrity\/s_ratio_celebrity\/public\/p1536678787.83.webp", "medium": "https://img3.doubanio.com\/view\/celebrity\/s_ratio_celebrity\/public\/p1536678787.83.webp"}, "name_en": "Frant Gwo", "name": "\u90ed\u5e06", "alt": "https:\/\/movie.douban.com\/celebrity\/1276086\/", "id": "1276086"}], "pubdates": ["2019-02-05(\u4e2d\u56fd\u5927\u9646)"], "year": "2019", "images": {"small": "https://img3.doubanio.com\/view\/photo\/s_ratio_poster\/public\/p2545472803.webp", "large": "https://img3.doubanio.com\/view\/photo\/s_ratio_poster\/public\/p2545472803.webp", "medium": "https://img3.doubanio.com\/view\/photo\/s_ratio_poster\/public\/p2545472803.webp"}, "alt": "https:\/\/movie.douban.com\/subject\/26266893\/", "id": "26266893"}, {"rating": {"max": 10, "average": 5.8, "details": {"1": 23.0, "3": 28.0, "2": 20.0, "5": 11.0, "4": 30.0}, "stars": "30", "min": 0}, "genres": ["\u559c\u5267", "\u7231\u60c5"], "title": "\u4e00\u543b\u5b9a\u60c5", "casts": [{"avatars": {"small": "https://img1.doubanio.com\/view\/celebrity\/s_ratio_celebrity\/public\/p1546579487.08.webp", "large": "https://img1.doubanio.com\/view\/celebrity\/s_ratio_celebrity\/public\/p1546579487.08.webp", "medium": "https://img1.doubanio.com\/view\/celebrity\/s_ratio_celebrity\/public\/p1546579487.08.webp"}, "name_en": "Talu Wang", "name": "\u738b\u5927\u9646", "alt": "https:\/\/movie.douban.com\/celebrity\/1341187\/", "id": "1341187"}, {"avatars": {"small": "https://img3.doubanio.com\/view\/celebrity\/s_ratio_celebrity\/public\/p1455762992.23.webp", "large": "https://img3.doubanio.com\/view\/celebrity\/s_ratio_celebrity\/public\/p1455762992.23.webp", "medium": "https://img3.doubanio.com\/view\/celebrity\/s_ratio_celebrity\/public\/p1455762992.23.webp"}, "name_en": "Yun Lin", "name": "\u6797\u5141", "alt": "https:\/\/movie.douban.com\/celebrity\/1345908\/", "id": "1345908"}, {"avatars": {"small": "https://img1.doubanio.com\/view\/celebrity\/s_ratio_celebrity\/public\/p1472563676.7.webp", "large": "https://img1.doubanio.com\/view\/celebrity\/s_ratio_celebrity\/public\/p1472563676.7.webp", "medium": "https://img1.doubanio.com\/view\/celebrity\/s_ratio_celebrity\/public\/p1472563676.7.webp"}, "name_en": "Kenji Chen", "name": "\u9648\u67cf\u878d", "alt": "https:\/\/movie.douban.com\/celebrity\/1361085\/", "id": "1361085"}], "durations": ["122\u5206\u949f"], "collect_count": 1486, "mainland_pubdate": "2019-02-14", "has_video": false, "original_title": "\u4e00\u543b\u5b9a\u60c5", "subtype": "movie", "directors": [{"avatars": {"small": "https://img3.doubanio.com\/view\/celebrity\/s_ratio_celebrity\/public\/p1448003232.23.webp", "large": "https://img3.doubanio.com\/view\/celebrity\/s_ratio_celebrity\/public\/p1448003232.23.webp", "medium": "https://img3.doubanio.com\/view\/celebrity\/s_ratio_celebrity\/public\/p1448003232.23.webp"}, "name_en": "Yu Shan Chen", "name": "\u9648\u7389\u73ca", "alt": "https:\/\/movie.douban.com\/celebrity\/1348054\/", "id": "1348054"}], "pubdates": ["2019-02-14(\u4e2d\u56fd\u5927\u9646)"], "year": "2019", "images": {"small": "https://img3.doubanio.com\/view\/photo\/s_ratio_poster\/public\/p2546255256.webp", "large": "https://img3.doubanio.com\/view\/photo\/s_ratio_poster\/public\/p2546255256.webp", "medium": "https://img3.doubanio.com\/view\/photo\/s_ratio_poster\/public\/p2546255256.webp"}, "alt": "https:\/\/movie.douban.com\/subject\/30263995\/", "id": "30263995"}, {"rating": {"max": 10, "average": 6.4, "details": {"1": 1414.0, "3": 16870.0, "2": 5626.0, "5": 2827.0, "4": 10686.0}, "stars": "35", "min": 0}, "genres": ["\u559c\u5267", "\u79d1\u5e7b"], "title": "\u75af\u72c2\u7684\u5916\u661f\u4eba", "casts": [{"avatars": {"small": "https://img3.doubanio.com\/view\/celebrity\/s_ratio_celebrity\/public\/p1656.webp", "large": "https://img3.doubanio.com\/view\/celebrity\/s_ratio_celebrity\/public\/p1656.webp", "medium": "https://img3.doubanio.com\/view\/celebrity\/s_ratio_celebrity\/public\/p1656.webp"}, "name_en": "Bo Huang", "name": "\u9ec4\u6e24", "alt": "https:\/\/movie.douban.com\/celebrity\/1274242\/", "id": "1274242"}, {"avatars": {"small": "https://img1.doubanio.com\/view\/celebrity\/s_ratio_celebrity\/public\/p1356510694.28.webp", "large": "https://img1.doubanio.com\/view\/celebrity\/s_ratio_celebrity\/public\/p1356510694.28.webp", "medium": "https://img1.doubanio.com\/view\/celebrity\/s_ratio_celebrity\/public\/p1356510694.28.webp"}, "name_en": "Teng Shen", "name": "\u6c88\u817e", "alt": "https:\/\/movie.douban.com\/celebrity\/1325700\/", "id": "1325700"}, {"avatars": {"small": "https://img1.doubanio.com\/view\/celebrity\/s_ratio_celebrity\/public\/p1490094314.69.webp", "large": "https://img1.doubanio.com\/view\/celebrity\/s_ratio_celebrity\/public\/p1490094314.69.webp", "medium": "https://img1.doubanio.com\/view\/celebrity\/s_ratio_celebrity\/public\/p1490094314.69.webp"}, "name_en": "Tom Pelphrey", "name": "\u6c64\u59c6\u00b7\u6d3e\u798f\u745e", "alt": "https:\/\/movie.douban.com\/celebrity\/1211775\/", "id": "1211775"}], "durations": ["116\u5206\u949f"], "collect_count": 395106, "mainland_pubdate": "2019-02-05", "has_video": false, "original_title": "\u75af\u72c2\u7684\u5916\u661f\u4eba", "subtype": "movie", "directors": [{"avatars": {"small": "https://img3.doubanio.com\/view\/celebrity\/s_ratio_celebrity\/public\/p1542982906.61.webp", "large": "https://img3.doubanio.com\/view\/celebrity\/s_ratio_celebrity\/public\/p1542982906.61.webp", "medium": "https://img3.doubanio.com\/view\/celebrity\/s_ratio_celebrity\/public\/p1542982906.61.webp"}, "name_en": "Hao Ning", "name": "\u5b81\u6d69", "alt": "https:\/\/movie.douban.com\/celebrity\/1274265\/", "id": "1274265"}], "pubdates": ["2019-02-05(\u4e2d\u56fd\u5927\u9646)"], "year": "2019", "images": {"small": "https://img1.doubanio.com\/view\/photo\/s_ratio_poster\/public\/p2541901817.webp", "large": "https://img1.doubanio.com\/view\/photo\/s_ratio_poster\/public\/p2541901817.webp", "medium": "https://img1.doubanio.com\/view\/photo\/s_ratio_poster\/public\/p2541901817.webp"}, "alt": "https:\/\/movie.douban.com\/subject\/25986662\/", "id": "25986662"}, {"rating": {"max": 10, "average": 7.0, "details": {"1": 752.0, "3": 14374.0, "2": 3331.0, "5": 4185.0, "4": 13813.0}, "stars": "35", "min": 0}, "genres": ["\u559c\u5267"], "title": "\u98de\u9a70\u4eba\u751f", "casts": [{"avatars": {"small": "https://img1.doubanio.com\/view\/celebrity\/s_ratio_celebrity\/public\/p1356510694.28.webp", "large": "https://img1.doubanio.com\/view\/celebrity\/s_ratio_celebrity\/public\/p1356510694.28.webp", "medium": "https://img1.doubanio.com\/view\/celebrity\/s_ratio_celebrity\/public\/p1356510694.28.webp"}, "name_en": "Teng Shen", "name": "\u6c88\u817e", "alt": "https:\/\/movie.douban.com\/celebrity\/1325700\/", "id": "1325700"}, {"avatars": {"small": "https://img1.doubanio.com\/view\/celebrity\/s_ratio_celebrity\/public\/p1515637640.69.webp", "large": "https://img1.doubanio.com\/view\/celebrity\/s_ratio_celebrity\/public\/p1515637640.69.webp", "medium": "https://img1.doubanio.com\/view\/celebrity\/s_ratio_celebrity\/public\/p1515637640.69.webp"}, "name_en": "Johnny Huang", "name": "\u9ec4\u666f\u745c", "alt": "https:\/\/movie.douban.com\/celebrity\/1354442\/", "id": "1354442"}, {"avatars": {"small": "https://img1.doubanio.com\/view\/celebrity\/s_ratio_celebrity\/public\/p1473419503.28.webp", "large": "https://img1.doubanio.com\/view\/celebrity\/s_ratio_celebrity\/public\/p1473419503.28.webp", "medium": "https://img1.doubanio.com\/view\/celebrity\/s_ratio_celebrity\/public\/p1473419503.28.webp"}, "name_en": "Zheng Yin", "name": "\u5c39\u6b63", "alt": "https:\/\/movie.douban.com\/celebrity\/1332934\/", "id": "1332934"}], "durations": ["98\u5206\u949f"], "collect_count": 349284, "mainland_pubdate": "2019-02-05", "has_video": false, "original_title": "\u98de\u9a70\u4eba\u751f", "subtype": "movie", "directors": [{"avatars": {"small": "https://img3.doubanio.com\/view\/celebrity\/s_ratio_celebrity\/public\/p42220.webp", "large": "https://img3.doubanio.com\/view\/celebrity\/s_ratio_celebrity\/public\/p42220.webp", "medium": "https://img3.doubanio.com\/view\/celebrity\/s_ratio_celebrity\/public\/p42220.webp"}, "name_en": "Han Han", "name": "\u97e9\u5bd2", "alt": "https:\/\/movie.douban.com\/celebrity\/1275307\/", "id": "1275307"}], "pubdates": ["2019-02-05(\u4e2d\u56fd\u5927\u9646)"], "year": "2019", "images": {"small": "https://img3.doubanio.com\/view\/photo\/s_ratio_poster\/public\/p2542973862.webp", "large": "https://img3.doubanio.com\/view\/photo\/s_ratio_poster\/public\/p2542973862.webp", "medium": "https://img3.doubanio.com\/view\/photo\/s_ratio_poster\/public\/p2542973862.webp"}, "alt": "https:\/\/movie.douban.com\/subject\/30163509\/", "id": "30163509"}, {"rating": {"max": 10, "average": 7.0, "details": {"1": 18.0, "3": 646.0, "2": 98.0, "5": 171.0, "4": 494.0}, "stars": "35", "min": 0}, "genres": ["\u7231\u60c5", "\u5947\u5e7b"], "title": "\u4eca\u591c\u5728\u6d6a\u6f2b\u5267\u573a", "casts": [{"avatars": {"small": "https://img3.doubanio.com\/view\/celebrity\/s_ratio_celebrity\/public\/p20694.webp", "large": "https://img3.doubanio.com\/view\/celebrity\/s_ratio_celebrity\/public\/p20694.webp", "medium": "https://img3.doubanio.com\/view\/celebrity\/s_ratio_celebrity\/public\/p20694.webp"}, "name_en": "Haruka Ayase", "name": "\u7eeb\u6fd1\u9065", "alt": "https:\/\/movie.douban.com\/celebrity\/1035655\/", "id": "1035655"}, {"avatars": {"small": "https://img3.doubanio.com\/view\/celebrity\/s_ratio_celebrity\/public\/p1406903709.34.webp", "large": "https://img3.doubanio.com\/view\/celebrity\/s_ratio_celebrity\/public\/p1406903709.34.webp", "medium": "https://img3.doubanio.com\/view\/celebrity\/s_ratio_celebrity\/public\/p1406903709.34.webp"}, "name_en": "Kentaro Sakaguchi", "name": "\u5742\u53e3\u5065\u592a\u90ce", "alt": "https:\/\/movie.douban.com\/celebrity\/1340281\/", "id": "1340281"}, {"avatars": {"small": "https://img1.doubanio.com\/view\/celebrity\/s_ratio_celebrity\/public\/p1519095769.99.webp", "large": "https://img1.doubanio.com\/view\/celebrity\/s_ratio_celebrity\/public\/p1519095769.99.webp", "medium": "https://img1.doubanio.com\/view\/celebrity\/s_ratio_celebrity\/public\/p1519095769.99.webp"}, "name_en": "Tsubasa Honda", "name": "\u672c\u7530\u7ffc", "alt": "https:\/\/movie.douban.com\/celebrity\/1317932\/", "id": "1317932"}], "durations": ["109\u5206\u949f"], "collect_count": 6020, "mainland_pubdate": "2019-02-14", "has_video": false, "original_title": "\u4eca\u591c\u3001\u30ed\u30de\u30f3\u30b9\u5287\u5834\u3067", "subtype": "movie", "directors": [{"avatars": {"small": "https://img1.doubanio.com\/view\/celebrity\/s_ratio_celebrity\/public\/p48267.webp", "large": "https://img1.doubanio.com\/view\/celebrity\/s_ratio_celebrity\/public\/p48267.webp", "medium": "https://img1.doubanio.com\/view\/celebrity\/s_ratio_celebrity\/public\/p48267.webp"}, "name_en": "Hideki Takeuchi", "name": "\u6b66\u5185\u82f1\u6811", "alt": "https:\/\/movie.douban.com\/celebrity\/1316913\/", "id": "1316913"}], "pubdates": ["2018-02-10(\u65e5\u672c)", "2019-02-14(\u4e2d\u56fd\u5927\u9646)"], "year": "2018", "images": {"small": "https://img3.doubanio.com\/view\/photo\/s_ratio_poster\/public\/p2546938024.webp", "large": "https://img3.doubanio.com\/view\/photo\/s_ratio_poster\/public\/p2546938024.webp", "medium": "https://img3.doubanio.com\/view\/photo\/s_ratio_poster\/public\/p2546938024.webp"}, "alt": "https:\/\/movie.douban.com\/subject\/27039378\/", "id": "27039378"}, {"rating": {"max": 10, "average": 6.5, "details": {"1": 23.0, "3": 418.0, "2": 104.0, "5": 62.0, "4": 240.0}, "stars": "35", "min": 0}, "genres": ["\u559c\u5267", "\u52a8\u753b", "\u5192\u9669"], "title": "\u718a\u51fa\u6ca1\u00b7\u539f\u59cb\u65f6\u4ee3", "casts": [{"avatars": {"small": "https://img1.doubanio.com\/view\/celebrity\/s_ratio_celebrity\/public\/p1451196460.57.webp", "large": "https://img1.doubanio.com\/view\/celebrity\/s_ratio_celebrity\/public\/p1451196460.57.webp", "medium": "https://img1.doubanio.com\/view\/celebrity\/s_ratio_celebrity\/public\/p1451196460.57.webp"}, "name_en": "Wei Zhang", "name": "\u5f20\u4f1f", "alt": "https:\/\/movie.douban.com\/celebrity\/1336920\/", "id": "1336920"}, {"avatars": {"small": "https://img3.doubanio.com\/view\/celebrity\/s_ratio_celebrity\/public\/p1451196097.21.webp", "large": "https://img3.doubanio.com\/view\/celebrity\/s_ratio_celebrity\/public\/p1451196097.21.webp", "medium": "https://img3.doubanio.com\/view\/celebrity\/s_ratio_celebrity\/public\/p1451196097.21.webp"}, "name_en": "Bingjun Zhang", "name": "\u5f20\u79c9\u541b", "alt": "https:\/\/movie.douban.com\/celebrity\/1336919\/", "id": "1336919"}, {"avatars": {"small": "https://img1.doubanio.com\/view\/celebrity\/s_ratio_celebrity\/public\/p1497954031.89.webp", "large": "https://img1.doubanio.com\/view\/celebrity\/s_ratio_celebrity\/public\/p1497954031.89.webp", "medium": "https://img1.doubanio.com\/view\/celebrity\/s_ratio_celebrity\/public\/p1497954031.89.webp"}, "name_en": "Xiao Tan", "name": "\u8c2d\u7b11", "alt": "https:\/\/movie.douban.com\/celebrity\/1336930\/", "id": "1336930"}], "durations": ["88\u5206\u949f"], "collect_count": 18269, "mainland_pubdate": "2019-02-05", "has_video": false, "original_title": "\u718a\u51fa\u6ca1\u00b7\u539f\u59cb\u65f6\u4ee3", "subtype": "movie", "directors": [{"avatars": {"small": "https://img3.doubanio.com\/view\/celebrity\/s_ratio_celebrity\/public\/p1519556086.74.webp", "large": "https://img3.doubanio.com\/view\/celebrity\/s_ratio_celebrity\/public\/p1519556086.74.webp", "medium": "https://img3.doubanio.com\/view\/celebrity\/s_ratio_celebrity\/public\/p1519556086.74.webp"}, "name_en": "Liang Ding", "name": "\u4e01\u4eae", "alt": "https:\/\/movie.douban.com\/celebrity\/1336904\/", "id": "1336904"}, {"avatars": {"small": "https://img1.doubanio.com\/view\/celebrity\/s_ratio_celebrity\/public\/p1492836254.8.webp", "large": "https://img1.doubanio.com\/view\/celebrity\/s_ratio_celebrity\/public\/p1492836254.8.webp", "medium": "https://img1.doubanio.com\/view\/celebrity\/s_ratio_celebrity\/public\/p1492836254.8.webp"}, "name_en": "Huida Lin", "name": "\u6797\u6c47\u8fbe", "alt": "https:\/\/movie.douban.com\/celebrity\/1336917\/", "id": "1336917"}], "pubdates": ["2019-02-05(\u4e2d\u56fd\u5927\u9646)"], "year": "2019", "images": {"small": "https://img3.doubanio.com\/view\/photo\/s_ratio_poster\/public\/p2541035591.webp", "large": "https://img3.doubanio.com\/view\/photo\/s_ratio_poster\/public\/p2541035591.webp", "medium": "https://img3.doubanio.com\/view\/photo\/s_ratio_poster\/public\/p2541035591.webp"}, "alt": "https:\/\/movie.douban.com\/subject\/30335059\/", "id": "30335059"}, {"rating": {"max": 10, "average": 0, "details": {"1": 0, "3": 0, "2": 0, "5": 0, "4": 0}, "stars": "00", "min": 0}, "genres": ["\u5267\u60c5", "\u559c\u5267", "\u7231\u60c5"], "title": "\u4e94\u5341\u7c73\u4e4b\u604b", "casts": [{"avatars": {"small": "https://img3.doubanio.com\/view\/celebrity\/s_ratio_celebrity\/public\/p20214.webp", "large": "https://img3.doubanio.com\/view\/celebrity\/s_ratio_celebrity\/public\/p20214.webp", "medium": "https://img3.doubanio.com\/view\/celebrity\/s_ratio_celebrity\/public\/p20214.webp"}, "name_en": "Nan Xie", "name": "\u8c22\u6960", "alt": "https:\/\/movie.douban.com\/celebrity\/1313761\/", "id": "1313761"}, {"avatars": {"small": "https://img3.doubanio.com\/view\/celebrity\/s_ratio_celebrity\/public\/p52125.webp", "large": "https://img3.doubanio.com\/view\/celebrity\/s_ratio_celebrity\/public\/p52125.webp", "medium": "https://img3.doubanio.com\/view\/celebrity\/s_ratio_celebrity\/public\/p52125.webp"}, "name_en": "Lik-Sun Fong", "name": "\u65b9\u529b\u7533", "alt": "https:\/\/movie.douban.com\/celebrity\/1171687\/", "id": "1171687"}, {"avatars": {"small": "https://img3.doubanio.com\/view\/celebrity\/s_ratio_celebrity\/public\/p1496584328.24.webp", "large": "https://img3.doubanio.com\/view\/celebrity\/s_ratio_celebrity\/public\/p1496584328.24.webp", "medium": "https://img3.doubanio.com\/view\/celebrity\/s_ratio_celebrity\/public\/p1496584328.24.webp"}, "name_en": "Peipei Qiu", "name": "\u4ec7\u4f69\u4f69", "alt": "https:\/\/movie.douban.com\/celebrity\/1374870\/", "id": "1374870"}], "durations": ["92\u5206\u949f"], "collect_count": 122, "mainland_pubdate": "2019-02-14", "has_video": false, "original_title": "\u4e94\u5341\u7c73\u4e4b\u604b", "subtype": "movie", "directors": [{"avatars": {"small": "https://img3.doubanio.com\/view\/celebrity\/s_ratio_celebrity\/public\/p1537422707.12.webp", "large": "https://img3.doubanio.com\/view\/celebrity\/s_ratio_celebrity\/public\/p1537422707.12.webp", "medium": "https://img3.doubanio.com\/view\/celebrity\/s_ratio_celebrity\/public\/p1537422707.12.webp"}, "name_en": "Yili Li", "name": "\u674e\u4f9d\u7406", "alt": "https:\/\/movie.douban.com\/celebrity\/1401080\/", "id": "1401080"}], "pubdates": ["2019-02-14(\u4e2d\u56fd\u5927\u9646)"], "year": "2019", "images": {"small": "https://img3.doubanio.com\/view\/photo\/s_ratio_poster\/public\/p2546768035.webp", "large": "https://img3.doubanio.com\/view\/photo\/s_ratio_poster\/public\/p2546768035.webp", "medium": "https://img3.doubanio.com\/view\/photo\/s_ratio_poster\/public\/p2546768035.webp"}, "alt": "https:\/\/movie.douban.com\/subject\/30364902\/", "id": "30364902"}, {"rating": {"max": 10, "average": 5.8, "details": {"1": 1491.0, "3": 4524.0, "2": 2998.0, "5": 1167.0, "4": 2355.0}, "stars": "30", "min": 0}, "genres": ["\u5267\u60c5", "\u559c\u5267"], "title": "\u65b0\u559c\u5267\u4e4b\u738b", "casts": [{"avatars": {"small": "https://img3.doubanio.com\/view\/celebrity\/s_ratio_celebrity\/public\/p1356403251.95.webp", "large": "https://img3.doubanio.com\/view\/celebrity\/s_ratio_celebrity\/public\/p1356403251.95.webp", "medium": "https://img3.doubanio.com\/view\/celebrity\/s_ratio_celebrity\/public\/p1356403251.95.webp"}, "name_en": "Baoqiang Wang", "name": "\u738b\u5b9d\u5f3a", "alt": "https:\/\/movie.douban.com\/celebrity\/1274388\/", "id": "1274388"}, {"avatars": {"small": "https://img3.doubanio.com\/view\/celebrity\/s_ratio_celebrity\/public\/p1546495999.54.webp", "large": "https://img3.doubanio.com\/view\/celebrity\/s_ratio_celebrity\/public\/p1546495999.54.webp", "medium": "https://img3.doubanio.com\/view\/celebrity\/s_ratio_celebrity\/public\/p1546495999.54.webp"}, "name_en": "Jingwen E", "name": "\u9102\u9756\u6587", "alt": "https:\/\/movie.douban.com\/celebrity\/1362292\/", "id": "1362292"}, {"avatars": {"small": "https://img1.doubanio.com\/view\/celebrity\/s_ratio_celebrity\/public\/p1547695598.8.webp", "large": "https://img1.doubanio.com\/view\/celebrity\/s_ratio_celebrity\/public\/p1547695598.8.webp", "medium": "https://img1.doubanio.com\/view\/celebrity\/s_ratio_celebrity\/public\/p1547695598.8.webp"}, "name_en": "Quandan Zhang", "name": "\u5f20\u5168\u86cb", "alt": "https:\/\/movie.douban.com\/celebrity\/1350283\/", "id": "1350283"}], "durations": ["91\u5206\u949f"], "collect_count": 146775, "mainland_pubdate": "2019-02-05", "has_video": false, "original_title": "\u65b0\u559c\u5267\u4e4b\u738b", "subtype": "movie", "directors": [{"avatars": {"small": "https://img3.doubanio.com\/view\/celebrity\/s_ratio_celebrity\/public\/p47421.webp", "large": "https://img3.doubanio.com\/view\/celebrity\/s_ratio_celebrity\/public\/p47421.webp", "medium": "https://img3.doubanio.com\/view\/celebrity\/s_ratio_celebrity\/public\/p47421.webp"}, "name_en": "Stephen Chow", "name": "\u5468\u661f\u9a70", "alt": "https:\/\/movie.douban.com\/celebrity\/1048026\/", "id": "1048026"}], "pubdates": ["2019-02-05(\u4e2d\u56fd\u5927\u9646)"], "year": "2019", "images": {"small": "https://img3.doubanio.com\/view\/photo\/s_ratio_poster\/public\/p2541240741.webp", "large": "https://img3.doubanio.com\/view\/photo\/s_ratio_poster\/public\/p2541240741.webp", "medium": "https://img3.doubanio.com\/view\/photo\/s_ratio_poster\/public\/p2541240741.webp"}, "alt": "https:\/\/movie.douban.com\/subject\/4840388\/", "id": "4840388"}, {"rating": {"max": 10, "average": 4.1, "details": {"1": 426.0, "3": 228.0, "2": 212.0, "5": 40.0, "4": 66.0}, "stars": "20", "min": 0}, "genres": ["\u513f\u7ae5", "\u52a8\u753b", "\u6b4c\u821e"], "title": "\u5c0f\u732a\u4f69\u5947\u8fc7\u5927\u5e74", "casts": [{"avatars": {"small": "https://img1.doubanio.com\/view\/celebrity\/s_ratio_celebrity\/public\/p1414489207.88.webp", "large": "https://img1.doubanio.com\/view\/celebrity\/s_ratio_celebrity\/public\/p1414489207.88.webp", "medium": "https://img1.doubanio.com\/view\/celebrity\/s_ratio_celebrity\/public\/p1414489207.88.webp"}, "name_en": "Yawen Zhu", "name": "\u6731\u4e9a\u6587", "alt": "https:\/\/movie.douban.com\/celebrity\/1312699\/", "id": "1312699"}, {"avatars": {"small": "https://img3.doubanio.com\/view\/celebrity\/s_ratio_celebrity\/public\/p1463977970.95.webp", "large": "https://img3.doubanio.com\/view\/celebrity\/s_ratio_celebrity\/public\/p1463977970.95.webp", "medium": "https://img3.doubanio.com\/view\/celebrity\/s_ratio_celebrity\/public\/p1463977970.95.webp"}, "name_en": "Yun Liu", "name": "\u5218\u82b8", "alt": "https:\/\/movie.douban.com\/celebrity\/1276152\/", "id": "1276152"}, {"avatars": {"small": "https://img3.doubanio.com\/view\/celebrity\/s_ratio_celebrity\/public\/p4573.webp", "large": "https://img3.doubanio.com\/view\/celebrity\/s_ratio_celebrity\/public\/p4573.webp", "medium": "https://img3.doubanio.com\/view\/celebrity\/s_ratio_celebrity\/public\/p4573.webp"}, "name_en": "Ya-lei Kuei", "name": "\u5f52\u4e9a\u857e", "alt": "https:\/\/movie.douban.com\/celebrity\/1058399\/", "id": "1058399"}], "durations": ["81\u5206\u949f"], "collect_count": 10585, "mainland_pubdate": "2019-02-05", "has_video": false, "original_title": "\u5c0f\u732a\u4f69\u5947\u8fc7\u5927\u5e74", "subtype": "movie", "directors": [{"avatars": {"small": "https://img3.doubanio.com\/view\/celebrity\/s_ratio_celebrity\/public\/p1548040024.73.webp", "large": "https://img3.doubanio.com\/view\/celebrity\/s_ratio_celebrity\/public\/p1548040024.73.webp", "medium": "https://img3.doubanio.com\/view\/celebrity\/s_ratio_celebrity\/public\/p1548040024.73.webp"}, "name_en": "Dapeng Zhang", "name": "\u5f20\u5927\u9e4f", "alt": "https:\/\/movie.douban.com\/celebrity\/1406119\/", "id": "1406119"}, {"avatars": {"small": "https://img3.doubanio.com\/view\/celebrity\/s_ratio_celebrity\/public\/p1547398141.24.webp", "large": "https://img3.doubanio.com\/view\/celebrity\/s_ratio_celebrity\/public\/p1547398141.24.webp", "medium": "https://img3.doubanio.com\/view\/celebrity\/s_ratio_celebrity\/public\/p1547398141.24.webp"}, "name_en": "Neville Astley", "name": "\u5185\u7ef4\u5c14\u00b7\u963f\u65af\u7279\u5229", "alt": "https:\/\/movie.douban.com\/celebrity\/1277529\/", "id": "1277529"}, {"avatars": {"small": "https://img3.doubanio.com\/view\/celebrity\/s_ratio_celebrity\/public\/p49992.webp", "large": "https://img3.doubanio.com\/view\/celebrity\/s_ratio_celebrity\/public\/p49992.webp", "medium": "https://img3.doubanio.com\/view\/celebrity\/s_ratio_celebrity\/public\/p49992.webp"}, "name_en": "Mark Baker", "name": "\u9a6c\u514b\u00b7\u8d1d\u514b", "alt": "https:\/\/movie.douban.com\/celebrity\/1277752\/", "id": "1277752"}, {"avatars": {"small": "https://img1.doubanio.com\/f\/movie\/ca527386eb8c4e325611e22dfcb04cc116d6b423\/pics\/movie\/celebrity-default-small.png", "large": "https://img3.doubanio.com\/f\/movie\/63acc16ca6309ef191f0378faf793d1096a3e606\/pics\/movie\/celebrity-default-large.png", "medium": "https://img1.doubanio.com\/f\/movie\/8dd0c794499fe925ae2ae89ee30cd225750457b4\/pics\/movie\/celebrity-default-medium.png"}, "name_en": "Joris van Hulzen", "name": "\u5c24\u91cc\u65af\u00b7\u8303\u00b7\u4faf\u8f9b", "alt": "https:\/\/movie.douban.com\/celebrity\/1408289\/", "id": "1408289"}, {"avatars": {"small": "https://img1.doubanio.com\/f\/movie\/ca527386eb8c4e325611e22dfcb04cc116d6b423\/pics\/movie\/celebrity-default-small.png", "large": "https://img3.doubanio.com\/f\/movie\/63acc16ca6309ef191f0378faf793d1096a3e606\/pics\/movie\/celebrity-default-large.png", "medium": "https://img1.doubanio.com\/f\/movie\/8dd0c794499fe925ae2ae89ee30cd225750457b4\/pics\/movie\/celebrity-default-medium.png"}, "name_en": "Sarah Roper", "name": "\u838e\u62c9\u00b7\u7f57\u73c0", "alt": "https:\/\/movie.douban.com\/celebrity\/1408290\/", "id": "1408290"}], "pubdates": ["2019-02-05(\u4e2d\u56fd\u5927\u9646)"], "year": "2019", "images": {"small": "https://img1.doubanio.com\/view\/photo\/s_ratio_poster\/public\/p2545975847.webp", "large": "https://img1.doubanio.com\/view\/photo\/s_ratio_poster\/public\/p2545975847.webp", "medium": "https://img1.doubanio.com\/view\/photo\/s_ratio_poster\/public\/p2545975847.webp"}, "alt": "https:\/\/movie.douban.com\/subject\/30295908\/", "id": "30295908"}, {"rating": {"max": 10, "average": 4.1, "details": {"1": 367.0, "3": 286.0, "2": 430.0, "5": 19.0, "4": 42.0}, "stars": "20", "min": 0}, "genres": ["\u559c\u5267", "\u52a8\u4f5c", "\u5947\u5e7b"], "title": "\u795e\u63a2\u84b2\u677e\u9f84", "casts": [{"avatars": {"small": "https://img1.doubanio.com\/view\/celebrity\/s_ratio_celebrity\/public\/p1537891305.49.webp", "large": "https://img1.doubanio.com\/view\/celebrity\/s_ratio_celebrity\/public\/p1537891305.49.webp", "medium": "https://img1.doubanio.com\/view\/celebrity\/s_ratio_celebrity\/public\/p1537891305.49.webp"}, "name_en": "Jackie Chan", "name": "\u6210\u9f99", "alt": "https:\/\/movie.douban.com\/celebrity\/1054531\/", "id": "1054531"}, {"avatars": {"small": "https://img3.doubanio.com\/view\/celebrity\/s_ratio_celebrity\/public\/p21006.webp", "large": "https://img3.doubanio.com\/view\/celebrity\/s_ratio_celebrity\/public\/p21006.webp", "medium": "https://img3.doubanio.com\/view\/celebrity\/s_ratio_celebrity\/public\/p21006.webp"}, "name_en": "Ethan Juan", "name": "\u962e\u7ecf\u5929", "alt": "https:\/\/movie.douban.com\/celebrity\/1259866\/", "id": "1259866"}, {"avatars": {"small": "https://img1.doubanio.com\/view\/celebrity\/s_ratio_celebrity\/public\/p1504775118.88.webp", "large": "https://img1.doubanio.com\/view\/celebrity\/s_ratio_celebrity\/public\/p1504775118.88.webp", "medium": "https://img1.doubanio.com\/view\/celebrity\/s_ratio_celebrity\/public\/p1504775118.88.webp"}, "name_en": "Elane Zhong", "name": "\u949f\u695a\u66e6", "alt": "https:\/\/movie.douban.com\/celebrity\/1357009\/", "id": "1357009"}], "durations": ["108\u5206\u949f"], "collect_count": 16964, "mainland_pubdate": "2019-02-05", "has_video": false, "original_title": "\u795e\u63a2\u84b2\u677e\u9f84", "subtype": "movie", "directors": [{"avatars": {"small": "https://img3.doubanio.com\/view\/celebrity\/s_ratio_celebrity\/public\/p1454563315.64.webp", "large": "https://img3.doubanio.com\/view\/celebrity\/s_ratio_celebrity\/public\/p1454563315.64.webp", "medium": "https://img3.doubanio.com\/view\/celebrity\/s_ratio_celebrity\/public\/p1454563315.64.webp"}, "name_en": "Vash YAN", "name": "\u4e25\u5609", "alt": "https:\/\/movie.douban.com\/celebrity\/1342236\/", "id": "1342236"}], "pubdates": ["2019-02-05(\u4e2d\u56fd\u5927\u9646)"], "year": "2019", "images": {"small": "https://img1.doubanio.com\/view\/photo\/s_ratio_poster\/public\/p2545389067.webp", "large": "https://img1.doubanio.com\/view\/photo\/s_ratio_poster\/public\/p2545389067.webp", "medium": "https://img1.doubanio.com\/view\/photo\/s_ratio_poster\/public\/p2545389067.webp"}, "alt": "https:\/\/movie.douban.com\/subject\/27065898\/", "id": "27065898"}, {"rating": {"max": 10, "average": 0, "details": {"1": 0, "3": 0, "2": 0, "5": 0, "4": 0}, "stars": "00", "min": 0}, "genres": ["\u7231\u60c5"], "title": "\u84dd\u8272\u751f\u6b7b\u604b", "casts": [{"avatars": {"small": "https://img1.doubanio.com\/view\/celebrity\/s_ratio_celebrity\/public\/p1fChMaBuusUcel_avatar_uploaded1508586477.59.webp", "large": "https://img1.doubanio.com\/view\/celebrity\/s_ratio_celebrity\/public\/p1fChMaBuusUcel_avatar_uploaded1508586477.59.webp", "medium": "https://img1.doubanio.com\/view\/celebrity\/s_ratio_celebrity\/public\/p1fChMaBuusUcel_avatar_uploaded1508586477.59.webp"}, "name_en": "Kevin Xu", "name": "\u8bb8\u51ef", "alt": "https:\/\/movie.douban.com\/celebrity\/1383033\/", "id": "1383033"}, {"avatars": {"small": "https://img1.doubanio.com\/view\/celebrity\/s_ratio_celebrity\/public\/p1513316408.87.webp", "large": "https://img1.doubanio.com\/view\/celebrity\/s_ratio_celebrity\/public\/p1513316408.87.webp", "medium": "https://img1.doubanio.com\/view\/celebrity\/s_ratio_celebrity\/public\/p1513316408.87.webp"}, "name_en": "Lusi Zhao", "name": "\u8d75\u9732\u601d", "alt": "https:\/\/movie.douban.com\/celebrity\/1385770\/", "id": "1385770"}, {"avatars": {"small": "https://img3.doubanio.com\/view\/celebrity\/s_ratio_celebrity\/public\/p_LpsUpT8cMYcel_avatar_uploaded1486732528.36.webp", "large": "https://img3.doubanio.com\/view\/celebrity\/s_ratio_celebrity\/public\/p_LpsUpT8cMYcel_avatar_uploaded1486732528.36.webp", "medium": "https://img3.doubanio.com\/view\/celebrity\/s_ratio_celebrity\/public\/p_LpsUpT8cMYcel_avatar_uploaded1486732528.36.webp"}, "name_en": "Rui Jiao", "name": "\u7126\u777f", "alt": "https:\/\/movie.douban.com\/celebrity\/1368626\/", "id": "1368626"}], "durations": ["104\u5206\u949f"], "collect_count": 123, "mainland_pubdate": "2019-02-14", "has_video": false, "original_title": "\u84dd\u8272\u751f\u6b7b\u604b", "subtype": "movie", "directors": [{"avatars": {"small": "https://img1.doubanio.com\/view\/celebrity\/s_ratio_celebrity\/public\/p57729.webp", "large": "https://img1.doubanio.com\/view\/celebrity\/s_ratio_celebrity\/public\/p57729.webp", "medium": "https://img1.doubanio.com\/view\/celebrity\/s_ratio_celebrity\/public\/p57729.webp"}, "name_en": "Caitao Wang", "name": "\u738b\u624d\u6d9b", "alt": "https:\/\/movie.douban.com\/celebrity\/1323968\/", "id": "1323968"}], "pubdates": ["2019-02-14(\u4e2d\u56fd\u5927\u9646)"], "year": "2019", "images": {"small": "https://img1.doubanio.com\/view\/photo\/s_ratio_poster\/public\/p2546250907.webp", "large": "https://img1.doubanio.com\/view\/photo\/s_ratio_poster\/public\/p2546250907.webp", "medium": "https://img1.doubanio.com\/view\/photo\/s_ratio_poster\/public\/p2546250907.webp"}, "alt": "https:\/\/movie.douban.com\/subject\/26971645\/", "id": "26971645"}, {"rating": {"max": 10, "average": 5.5, "details": {"1": 169.0, "3": 1478.0, "2": 983.0, "5": 57.0, "4": 403.0}, "stars": "30", "min": 0}, "genres": ["\u5267\u60c5", "\u72af\u7f6a", "\u60ac\u7591"], "title": "\u5ec9\u653f\u98ce\u4e91", "casts": [{"avatars": {"small": "https://img3.doubanio.com\/view\/celebrity\/s_ratio_celebrity\/public\/p844.webp", "large": "https://img3.doubanio.com\/view\/celebrity\/s_ratio_celebrity\/public\/p844.webp", "medium": "https://img3.doubanio.com\/view\/celebrity\/s_ratio_celebrity\/public\/p844.webp"}, "name_en": "Sean Lau", "name": "\u5218\u9752\u4e91", "alt": "https:\/\/movie.douban.com\/celebrity\/1007251\/", "id": "1007251"}, {"avatars": {"small": "https://img1.doubanio.com\/view\/celebrity\/s_ratio_celebrity\/public\/p1382184082.17.webp", "large": "https://img1.doubanio.com\/view\/celebrity\/s_ratio_celebrity\/public\/p1382184082.17.webp", "medium": "https://img1.doubanio.com\/view\/celebrity\/s_ratio_celebrity\/public\/p1382184082.17.webp"}, "name_en": "Nick Cheung", "name": "\u5f20\u5bb6\u8f89", "alt": "https:\/\/movie.douban.com\/celebrity\/1037273\/", "id": "1037273"}, {"avatars": {"small": "https://img3.doubanio.com\/view\/celebrity\/s_ratio_celebrity\/public\/p2040.webp", "large": "https://img3.doubanio.com\/view\/celebrity\/s_ratio_celebrity\/public\/p2040.webp", "medium": "https://img3.doubanio.com\/view\/celebrity\/s_ratio_celebrity\/public\/p2040.webp"}, "name_en": "Karena Lam", "name": "\u6797\u5609\u6b23", "alt": "https:\/\/movie.douban.com\/celebrity\/1204410\/", "id": "1204410"}], "durations": ["114\u5206\u949f"], "collect_count": 20392, "mainland_pubdate": "2019-02-05", "has_video": false, "original_title": "\u5ec9\u653f\u98a8\u96f2 \u7159\u5e55", "subtype": "movie", "directors": [{"avatars": {"small": "https://img1.doubanio.com\/view\/celebrity\/s_ratio_celebrity\/public\/p3547.webp", "large": "https://img1.doubanio.com\/view\/celebrity\/s_ratio_celebrity\/public\/p3547.webp", "medium": "https://img1.doubanio.com\/view\/celebrity\/s_ratio_celebrity\/public\/p3547.webp"}, "name_en": "Alan Mak", "name": "\u9ea6\u5146\u8f89", "alt": "https:\/\/movie.douban.com\/celebrity\/1126158\/", "id": "1126158"}], "pubdates": ["2019-02-05(\u4e2d\u56fd\u5927\u9646)"], "year": "2019", "images": {"small": "https://img3.doubanio.com\/view\/photo\/s_ratio_poster\/public\/p2545065676.webp", "large": "https://img3.doubanio.com\/view\/photo\/s_ratio_poster\/public\/p2545065676.webp", "medium": "https://img3.doubanio.com\/view\/photo\/s_ratio_poster\/public\/p2545065676.webp"}, "alt": "https:\/\/movie.douban.com\/subject\/27114416\/", "id": "27114416"}, {"rating": {"max": 10, "average": 7.9, "details": {"1": 133.0, "3": 5159.0, "2": 647.0, "5": 6186.0, "4": 10349.0}, "stars": "40", "min": 0}, "genres": ["\u7231\u60c5", "\u52a8\u753b", "\u5947\u5e7b"], "title": "\u767d\u86c7\uff1a\u7f18\u8d77", "casts": [{"avatars": {"small": "https://img3.doubanio.com\/view\/celebrity\/s_ratio_celebrity\/public\/p1547612579.3.webp", "large": "https://img3.doubanio.com\/view\/celebrity\/s_ratio_celebrity\/public\/p1547612579.3.webp", "medium": "https://img3.doubanio.com\/view\/celebrity\/s_ratio_celebrity\/public\/p1547612579.3.webp"}, "name_en": "Zhe Zhang", "name": "\u5f20\u5586", "alt": "https:\/\/movie.douban.com\/celebrity\/1389748\/", "id": "1389748"}, {"avatars": {"small": "https://img3.doubanio.com\/view\/celebrity\/s_ratio_celebrity\/public\/p1547612653.46.webp", "large": "https://img3.doubanio.com\/view\/celebrity\/s_ratio_celebrity\/public\/p1547612653.46.webp", "medium": "https://img3.doubanio.com\/view\/celebrity\/s_ratio_celebrity\/public\/p1547612653.46.webp"}, "name_en": "Tianxiang Yang", "name": "\u6768\u5929\u7fd4", "alt": "https:\/\/movie.douban.com\/celebrity\/1341265\/", "id": "1341265"}, {"avatars": {"small": "https://img3.doubanio.com\/view\/celebrity\/s_ratio_celebrity\/public\/p1547612764.72.webp", "large": "https://img3.doubanio.com\/view\/celebrity\/s_ratio_celebrity\/public\/p1547612764.72.webp", "medium": "https://img3.doubanio.com\/view\/celebrity\/s_ratio_celebrity\/public\/p1547612764.72.webp"}, "name_en": "Xiaoxi Tang", "name": "\u5510\u5c0f\u559c", "alt": "https:\/\/movie.douban.com\/celebrity\/1340810\/", "id": "1340810"}], "durations": ["99\u5206\u949f"], "collect_count": 220688, "mainland_pubdate": "2019-01-11", "has_video": false, "original_title": "\u767d\u86c7\uff1a\u7f18\u8d77", "subtype": "movie", "directors": [{"avatars": {"small": "https://img1.doubanio.com\/view\/celebrity\/s_ratio_celebrity\/public\/p1547187379.37.webp", "large": "https://img1.doubanio.com\/view\/celebrity\/s_ratio_celebrity\/public\/p1547187379.37.webp", "medium": "https://img1.doubanio.com\/view\/celebrity\/s_ratio_celebrity\/public\/p1547187379.37.webp"}, "name_en": "Amp Wong", "name": "\u9ec4\u5bb6\u5eb7", "alt": "https:\/\/movie.douban.com\/celebrity\/1401171\/", "id": "1401171"}, {"avatars": {"small": "https://img3.doubanio.com\/view\/celebrity\/s_ratio_celebrity\/public\/p1537807088.34.webp", "large": "https://img3.doubanio.com\/view\/celebrity\/s_ratio_celebrity\/public\/p1537807088.34.webp", "medium": "https://img3.doubanio.com\/view\/celebrity\/s_ratio_celebrity\/public\/p1537807088.34.webp"}, "name_en": "Ji Zhao", "name": "\u8d75\u9701", "alt": "https:\/\/movie.douban.com\/celebrity\/1401175\/", "id": "1401175"}], "pubdates": ["2019-01-11(\u4e2d\u56fd\u5927\u9646)"], "year": "2019", "images": {"small": "https://img3.doubanio.com\/view\/photo\/s_ratio_poster\/public\/p2544313786.webp", "large": "https://img3.doubanio.com\/view\/photo\/s_ratio_poster\/public\/p2544313786.webp", "medium": "https://img3.doubanio.com\/view\/photo\/s_ratio_poster\/public\/p2544313786.webp"}, "alt": "https:\/\/movie.douban.com\/subject\/30331149\/", "id": "30331149"}, {"rating": {"max": 10, "average": 0, "details": {"1": 0, "3": 0, "2": 0, "5": 0, "4": 0}, "stars": "00", "min": 0}, "genres": ["\u7231\u60c5"], "title": "\u5f88\u9ad8\u5174\u9047\u89c1\u00b7\u4f60", "casts": [{"avatars": {"small": "https://img3.doubanio.com\/view\/celebrity\/s_ratio_celebrity\/public\/p1538903709.24.webp", "large": "https://img3.doubanio.com\/view\/celebrity\/s_ratio_celebrity\/public\/p1538903709.24.webp", "medium": "https://img3.doubanio.com\/view\/celebrity\/s_ratio_celebrity\/public\/p1538903709.24.webp"}, "name_en": "Zhenghui Ling", "name": "\u51cc\u6b63\u8f89", "alt": "https:\/\/movie.douban.com\/celebrity\/1361619\/", "id": "1361619"}, {"avatars": {"small": "https://img3.doubanio.com\/view\/celebrity\/s_ratio_celebrity\/public\/p1542188456.45.webp", "large": "https://img3.doubanio.com\/view\/celebrity\/s_ratio_celebrity\/public\/p1542188456.45.webp", "medium": "https://img3.doubanio.com\/view\/celebrity\/s_ratio_celebrity\/public\/p1542188456.45.webp"}, "name_en": "Lucia Pang", "name": "\u5e9e\u7490\u4f73", "alt": "https:\/\/movie.douban.com\/celebrity\/1361618\/", "id": "1361618"}, {"avatars": {"small": "https://img3.doubanio.com\/view\/celebrity\/s_ratio_celebrity\/public\/p1443946322.86.webp", "large": "https://img3.doubanio.com\/view\/celebrity\/s_ratio_celebrity\/public\/p1443946322.86.webp", "medium": "https://img3.doubanio.com\/view\/celebrity\/s_ratio_celebrity\/public\/p1443946322.86.webp"}, "name_en": "Ludi Lin", "name": "\u6797\u8def\u8fea", "alt": "https:\/\/movie.douban.com\/celebrity\/1351645\/", "id": "1351645"}], "durations": ["92\u5206\u949f"], "collect_count": 239, "mainland_pubdate": "2019-01-11", "has_video": false, "original_title": "\u5f88\u9ad8\u5174\u9047\u89c1\u00b7\u4f60", "subtype": "movie", "directors": [{"avatars": {"small": "https://img3.doubanio.com\/view\/celebrity\/s_ratio_celebrity\/public\/p1494324756.75.webp", "large": "https://img3.doubanio.com\/view\/celebrity\/s_ratio_celebrity\/public\/p1494324756.75.webp", "medium": "https://img3.doubanio.com\/view\/celebrity\/s_ratio_celebrity\/public\/p1494324756.75.webp"}, "name_en": "Jie Li", "name": "\u674e\u6770", "alt": "https:\/\/movie.douban.com\/celebrity\/1362242\/", "id": "1362242"}], "pubdates": ["2018-09-04(\u957f\u6625\u7535\u5f71\u8282)", "2019-01-11(\u4e2d\u56fd\u5927\u9646)"], "year": "2018", "images": {"small": "https://img1.doubanio.com\/view\/photo\/s_ratio_poster\/public\/p2544505229.webp", "large": "https://img1.doubanio.com\/view\/photo\/s_ratio_poster\/public\/p2544505229.webp", "medium": "https://img1.doubanio.com\/view\/photo\/s_ratio_poster\/public\/p2544505229.webp"}, "alt": "https:\/\/movie.douban.com\/subject\/26834059\/", "id": "26834059"}, {"rating": {"max": 10, "average": 7.3, "details": {"1": 75.0, "3": 6048.0, "2": 611.0, "5": 1779.0, "4": 7583.0}, "stars": "40", "min": 0}, "genres": ["\u60ac\u7591", "\u60ca\u609a"], "title": "\u5bc6\u5ba4\u9003\u751f", "casts": [{"avatars": {"small": "https://img3.doubanio.com\/view\/celebrity\/s_ratio_celebrity\/public\/p0aIuJsn-hKwcel_avatar_uploaded1500349360.76.webp", "large": "https://img3.doubanio.com\/view\/celebrity\/s_ratio_celebrity\/public\/p0aIuJsn-hKwcel_avatar_uploaded1500349360.76.webp", "medium": "https://img3.doubanio.com\/view\/celebrity\/s_ratio_celebrity\/public\/p0aIuJsn-hKwcel_avatar_uploaded1500349360.76.webp"}, "name_en": "Taylor Russell", "name": "\u6cf0\u52d2\u00b7\u62c9\u585e\u5c14", "alt": "https:\/\/movie.douban.com\/celebrity\/1377786\/", "id": "1377786"}, {"avatars": {"small": "https://img1.doubanio.com\/view\/celebrity\/s_ratio_celebrity\/public\/p1478614610.28.webp", "large": "https://img1.doubanio.com\/view\/celebrity\/s_ratio_celebrity\/public\/p1478614610.28.webp", "medium": "https://img1.doubanio.com\/view\/celebrity\/s_ratio_celebrity\/public\/p1478614610.28.webp"}, "name_en": "Logan Miller", "name": "\u6d1b\u6839\u00b7\u7c73\u52d2", "alt": "https:\/\/movie.douban.com\/celebrity\/1004893\/", "id": "1004893"}, {"avatars": {"small": "https://img3.doubanio.com\/view\/celebrity\/s_ratio_celebrity\/public\/p1369492056.26.webp", "large": "https://img3.doubanio.com\/view\/celebrity\/s_ratio_celebrity\/public\/p1369492056.26.webp", "medium": "https://img3.doubanio.com\/view\/celebrity\/s_ratio_celebrity\/public\/p1369492056.26.webp"}, "name_en": "Deborah Ann Woll", "name": "\u9edb\u535a\u62c9\u00b7\u5b89\u6c83\u5c14", "alt": "https:\/\/movie.douban.com\/celebrity\/1004567\/", "id": "1004567"}], "durations": ["100\u5206\u949f"], "collect_count": 112513, "mainland_pubdate": "2019-01-18", "has_video": false, "original_title": "Escape Room", "subtype": "movie", "directors": [{"avatars": {"small": "https://img3.doubanio.com\/view\/celebrity\/s_ratio_celebrity\/public\/p1426808540.84.webp", "large": "https://img3.doubanio.com\/view\/celebrity\/s_ratio_celebrity\/public\/p1426808540.84.webp", "medium": "https://img3.doubanio.com\/view\/celebrity\/s_ratio_celebrity\/public\/p1426808540.84.webp"}, "name_en": "Adam Robitel", "name": "\u4e9a\u5f53\u00b7\u7f57\u6bd4\u7279\u5c14", "alt": "https:\/\/movie.douban.com\/celebrity\/1144483\/", "id": "1144483"}], "pubdates": ["2019-01-04(\u7f8e\u56fd)", "2019-01-18(\u4e2d\u56fd\u5927\u9646)"], "year": "2019", "images": {"small": "https://img3.doubanio.com\/view\/photo\/s_ratio_poster\/public\/p2543631842.webp", "large": "https://img3.doubanio.com\/view\/photo\/s_ratio_poster\/public\/p2543631842.webp", "medium": "https://img3.doubanio.com\/view\/photo\/s_ratio_poster\/public\/p2543631842.webp"}, "alt": "https:\/\/movie.douban.com\/subject\/27109679\/", "id": "27109679"}, {"rating": {"max": 10, "average": 7.1, "details": {"1": 394.0, "3": 15183.0, "2": 2433.0, "5": 4688.0, "4": 15223.0}, "stars": "35", "min": 0}, "genres": ["\u52a8\u4f5c", "\u79d1\u5e7b", "\u5192\u9669"], "title": "\u5927\u9ec4\u8702", "casts": [{"avatars": {"small": "https://img1.doubanio.com\/view\/celebrity\/s_ratio_celebrity\/public\/p20419.webp", "large": "https://img1.doubanio.com\/view\/celebrity\/s_ratio_celebrity\/public\/p20419.webp", "medium": "https://img1.doubanio.com\/view\/celebrity\/s_ratio_celebrity\/public\/p20419.webp"}, "name_en": "Hailee Steinfeld", "name": "\u6d77\u8389\u00b7\u65af\u5766\u83f2\u5c14\u5fb7", "alt": "https:\/\/movie.douban.com\/celebrity\/1312964\/", "id": "1312964"}, {"avatars": {"small": "https://img1.doubanio.com\/view\/celebrity\/s_ratio_celebrity\/public\/p1545624925.39.webp", "large": "https://img1.doubanio.com\/view\/celebrity\/s_ratio_celebrity\/public\/p1545624925.39.webp", "medium": "https://img1.doubanio.com\/view\/celebrity\/s_ratio_celebrity\/public\/p1545624925.39.webp"}, "name_en": "Jorge Lendeborg Jr.", "name": "\u5c0f\u8c6a\u5c14\u8d6b\u00b7\u5170\u767b\u4f2f\u683c", "alt": "https:\/\/movie.douban.com\/celebrity\/1376970\/", "id": "1376970"}, {"avatars": {"small": "https://img1.doubanio.com\/view\/celebrity\/s_ratio_celebrity\/public\/p23477.webp", "large": "https://img1.doubanio.com\/view\/celebrity\/s_ratio_celebrity\/public\/p23477.webp", "medium": "https://img1.doubanio.com\/view\/celebrity\/s_ratio_celebrity\/public\/p23477.webp"}, "name_en": "John Cena", "name": "\u7ea6\u7ff0\u00b7\u585e\u7eb3", "alt": "https:\/\/movie.douban.com\/celebrity\/1044883\/", "id": "1044883"}], "durations": ["114\u5206\u949f"], "collect_count": 380568, "mainland_pubdate": "2019-01-04", "has_video": false, "original_title": "Bumblebee", "subtype": "movie", "directors": [{"avatars": {"small": "https://img3.doubanio.com\/view\/celebrity\/s_ratio_celebrity\/public\/p1471358307.31.webp", "large": "https://img3.doubanio.com\/view\/celebrity\/s_ratio_celebrity\/public\/p1471358307.31.webp", "medium": "https://img3.doubanio.com\/view\/celebrity\/s_ratio_celebrity\/public\/p1471358307.31.webp"}, "name_en": "Travis Knight", "name": "\u7279\u62c9\u7ef4\u65af\u00b7\u5948\u7279", "alt": "https:\/\/movie.douban.com\/celebrity\/1305796\/", "id": "1305796"}], "pubdates": ["2018-12-21(\u7f8e\u56fd)", "2019-01-04(\u4e2d\u56fd\u5927\u9646)"], "year": "2018", "images": {"small": "https://img1.doubanio.com\/view\/photo\/s_ratio_poster\/public\/p2541662397.webp", "large": "https://img1.doubanio.com\/view\/photo\/s_ratio_poster\/public\/p2541662397.webp", "medium": "https://img1.doubanio.com\/view\/photo\/s_ratio_poster\/public\/p2541662397.webp"}, "alt": "https:\/\/movie.douban.com\/subject\/26394152\/", "id": "26394152"}, {"rating": {"max": 10, "average": 6.8, "details": {"1": 71.0, "3": 783.0, "2": 235.0, "5": 249.0, "4": 612.0}, "stars": "35", "min": 0}, "genres": ["\u7231\u60c5", "\u52a8\u753b"], "title": "\u6211\u60f3\u5403\u6389\u4f60\u7684\u80f0\u810f", "casts": [{"avatars": {"small": "https://img1.doubanio.com\/view\/celebrity\/s_ratio_celebrity\/public\/p1508658372.9.webp", "large": "https://img1.doubanio.com\/view\/celebrity\/s_ratio_celebrity\/public\/p1508658372.9.webp", "medium": "https://img1.doubanio.com\/view\/celebrity\/s_ratio_celebrity\/public\/p1508658372.9.webp"}, "name_en": "Mahiro Takasugi", "name": "\u9ad8\u6749\u771f\u5b99", "alt": "https:\/\/movie.douban.com\/celebrity\/1317846\/", "id": "1317846"}, {"avatars": {"small": "https://img3.doubanio.com\/view\/celebrity\/s_ratio_celebrity\/public\/p1515936038.02.webp", "large": "https://img3.doubanio.com\/view\/celebrity\/s_ratio_celebrity\/public\/p1515936038.02.webp", "medium": "https://img3.doubanio.com\/view\/celebrity\/s_ratio_celebrity\/public\/p1515936038.02.webp"}, "name_en": "Lynn", "name": "Lynn", "alt": "https:\/\/movie.douban.com\/celebrity\/1382659\/", "id": "1382659"}, {"avatars": {"small": "https://img3.doubanio.com\/view\/celebrity\/s_ratio_celebrity\/public\/p1493291206.21.webp", "large": "https://img3.doubanio.com\/view\/celebrity\/s_ratio_celebrity\/public\/p1493291206.21.webp", "medium": "https://img3.doubanio.com\/view\/celebrity\/s_ratio_celebrity\/public\/p1493291206.21.webp"}, "name_en": "Yukiyo Fujii", "name": "\u85e4\u4e95\u96ea\u4ee3", "alt": "https:\/\/movie.douban.com\/celebrity\/1324436\/", "id": "1324436"}], "durations": ["108\u5206\u949f"], "collect_count": 16011, "mainland_pubdate": "2019-01-18", "has_video": false, "original_title": "\u541b\u306e\u81b5\u81d3\u3092\u305f\u3079\u305f\u3044", "subtype": "movie", "directors": [{"avatars": {"small": "https://img1.doubanio.com\/f\/movie\/ca527386eb8c4e325611e22dfcb04cc116d6b423\/pics\/movie\/celebrity-default-small.png", "large": "https://img3.doubanio.com\/f\/movie\/63acc16ca6309ef191f0378faf793d1096a3e606\/pics\/movie\/celebrity-default-large.png", "medium": "https://img1.doubanio.com\/f\/movie\/8dd0c794499fe925ae2ae89ee30cd225750457b4\/pics\/movie\/celebrity-default-medium.png"}, "name_en": "Ushijima Shin'ichir\u014d", "name": "\u725b\u5c9b\u65b0\u4e00\u90ce", "alt": "https:\/\/movie.douban.com\/celebrity\/1406613\/", "id": "1406613"}], "pubdates": ["2018-09-01(\u65e5\u672c)", "2019-01-18(\u4e2d\u56fd\u5927\u9646)"], "year": "2018", "images": {"small": "https://img3.doubanio.com\/view\/photo\/s_ratio_poster\/public\/p2545571306.webp", "large": "https://img3.doubanio.com\/view\/photo\/s_ratio_poster\/public\/p2545571306.webp", "medium": "https://img3.doubanio.com\/view\/photo\/s_ratio_poster\/public\/p2545571306.webp"}, "alt": "https:\/\/movie.douban.com\/subject\/27107140\/", "id": "27107140"}, {"rating": {"max": 10, "average": 5.5, "details": {"1": 4.0, "3": 35.0, "2": 19.0, "5": 3.0, "4": 4.0}, "stars": "30", "min": 0}, "genres": ["\u559c\u5267", "\u52a8\u753b", "\u5947\u5e7b"], "title": "\u68ee\u6797\u5947\u7f18", "casts": [{"avatars": {"small": "https://img3.doubanio.com\/view\/celebrity\/s_ratio_celebrity\/public\/p1547548341.91.webp", "large": "https://img3.doubanio.com\/view\/celebrity\/s_ratio_celebrity\/public\/p1547548341.91.webp", "medium": "https://img3.doubanio.com\/view\/celebrity\/s_ratio_celebrity\/public\/p1547548341.91.webp"}, "name_en": "Nadezhda Dorofeeva", "name": "Nadezhda Dorofeeva", "alt": "https:\/\/movie.douban.com\/celebrity\/1406724\/", "id": "1406724"}, {"avatars": {"small": "https://img3.doubanio.com\/view\/celebrity\/s_ratio_celebrity\/public\/p1547548403.44.webp", "large": "https://img3.doubanio.com\/view\/celebrity\/s_ratio_celebrity\/public\/p1547548403.44.webp", "medium": "https://img3.doubanio.com\/view\/celebrity\/s_ratio_celebrity\/public\/p1547548403.44.webp"}, "name_en": "Aleksey Zavgorodniy", "name": "Aleksey Zavgorodniy", "alt": "https:\/\/movie.douban.com\/celebrity\/1406725\/", "id": "1406725"}, {"avatars": {"small": "https://img3.doubanio.com\/view\/celebrity\/s_ratio_celebrity\/public\/p1547548592.13.webp", "large": "https://img3.doubanio.com\/view\/celebrity\/s_ratio_celebrity\/public\/p1547548592.13.webp", "medium": "https://img3.doubanio.com\/view\/celebrity\/s_ratio_celebrity\/public\/p1547548592.13.webp"}, "name_en": "Yevhen Malukha", "name": "Yevhen Malukha", "alt": "https:\/\/movie.douban.com\/celebrity\/1406726\/", "id": "1406726"}], "durations": ["91\u5206\u949f"], "collect_count": 478, "mainland_pubdate": "2019-01-18", "has_video": false, "original_title": "\u0412\u0438\u043a\u0440\u0430\u0434\u0435\u043d\u0430 \u043f\u0440\u0438\u043d\u0446\u0435\u0441\u0430: \u0420\u0443\u0441\u043b\u0430\u043d i \u041b\u044e\u0434\u043c\u0438\u043b\u0430", "subtype": "movie", "directors": [{"avatars": {"small": "https://img1.doubanio.com\/f\/movie\/ca527386eb8c4e325611e22dfcb04cc116d6b423\/pics\/movie\/celebrity-default-small.png", "large": "https://img3.doubanio.com\/f\/movie\/63acc16ca6309ef191f0378faf793d1096a3e606\/pics\/movie\/celebrity-default-large.png", "medium": "https://img1.doubanio.com\/f\/movie\/8dd0c794499fe925ae2ae89ee30cd225750457b4\/pics\/movie\/celebrity-default-medium.png"}, "name_en": "Oleh Malamuzh", "name": "\u5965\u5217\u683c\u00b7\u9a6c\u62c9\u59c6\u5179", "alt": "https:\/\/movie.douban.com\/celebrity\/1406722\/", "id": "1406722"}], "pubdates": ["2018-03-07(\u4e4c\u514b\u5170)", "2019-01-18(\u4e2d\u56fd\u5927\u9646)"], "year": "2018", "images": {"small": "https://img1.doubanio.com\/view\/photo\/s_ratio_poster\/public\/p2542552017.webp", "large": "https://img1.doubanio.com\/view\/photo\/s_ratio_poster\/public\/p2542552017.webp", "medium": "https://img1.doubanio.com\/view\/photo\/s_ratio_poster\/public\/p2542552017.webp"}, "alt": "https:\/\/movie.douban.com\/subject\/26992446\/", "id": "26992446"}, {"rating": {"max": 10, "average": 7.3, "details": {"1": 436.0, "3": 17917.0, "2": 2369.0, "5": 7337.0, "4": 21850.0}, "stars": "40", "min": 0}, "genres": ["\u559c\u5267", "\u52a8\u4f5c", "\u79d1\u5e7b"], "title": "\u6b7b\u4f8d2\uff1a\u6211\u7231\u6211\u5bb6", "casts": [{"avatars": {"small": "https://img1.doubanio.com\/view\/celebrity\/s_ratio_celebrity\/public\/p48608.webp", "large": "https://img1.doubanio.com\/view\/celebrity\/s_ratio_celebrity\/public\/p48608.webp", "medium": "https://img1.doubanio.com\/view\/celebrity\/s_ratio_celebrity\/public\/p48608.webp"}, "name_en": "Ryan Reynolds", "name": "\u745e\u6069\u00b7\u96f7\u8bfa\u5179", "alt": "https:\/\/movie.douban.com\/celebrity\/1053623\/", "id": "1053623"}, {"avatars": {"small": "https://img1.doubanio.com\/view\/celebrity\/s_ratio_celebrity\/public\/p1413615170.39.webp", "large": "https://img1.doubanio.com\/view\/celebrity\/s_ratio_celebrity\/public\/p1413615170.39.webp", "medium": "https://img1.doubanio.com\/view\/celebrity\/s_ratio_celebrity\/public\/p1413615170.39.webp"}, "name_en": "Josh Brolin", "name": "\u4e54\u4ec0\u00b7\u5e03\u6d1b\u6797", "alt": "https:\/\/movie.douban.com\/celebrity\/1004568\/", "id": "1004568"}, {"avatars": {"small": "https://img1.doubanio.com\/view\/celebrity\/s_ratio_celebrity\/public\/puqS3biE9tVocel_avatar_uploaded1474733946.09.webp", "large": "https://img1.doubanio.com\/view\/celebrity\/s_ratio_celebrity\/public\/puqS3biE9tVocel_avatar_uploaded1474733946.09.webp", "medium": "https://img1.doubanio.com\/view\/celebrity\/s_ratio_celebrity\/public\/puqS3biE9tVocel_avatar_uploaded1474733946.09.webp"}, "name_en": "Julian Dennison", "name": "\u6731\u5229\u5b89\u00b7\u8fea\u5c3c\u68ee", "alt": "https:\/\/movie.douban.com\/celebrity\/1362593\/", "id": "1362593"}], "durations": ["119\u5206\u949f", "134\u5206\u949f(\u84dd\u5149\u7248)"], "collect_count": 362639, "mainland_pubdate": "2019-01-25", "has_video": false, "original_title": "Deadpool 2", "subtype": "movie", "directors": [{"avatars": {"small": "https://img3.doubanio.com\/view\/celebrity\/s_ratio_celebrity\/public\/p1416221591.26.webp", "large": "https://img3.doubanio.com\/view\/celebrity\/s_ratio_celebrity\/public\/p1416221591.26.webp", "medium": "https://img3.doubanio.com\/view\/celebrity\/s_ratio_celebrity\/public\/p1416221591.26.webp"}, "name_en": "David Leitch", "name": "\u5927\u536b\u00b7\u96f7\u5947", "alt": "https:\/\/movie.douban.com\/celebrity\/1289765\/", "id": "1289765"}], "pubdates": ["2018-05-18(\u7f8e\u56fd)", "2019-01-25(\u4e2d\u56fd\u5927\u9646)"], "year": "2018", "images": {"small": "https://img3.doubanio.com\/view\/photo\/s_ratio_poster\/public\/p2545479945.webp", "large": "https://img3.doubanio.com\/view\/photo\/s_ratio_poster\/public\/p2545479945.webp", "medium": "https://img3.doubanio.com\/view\/photo\/s_ratio_poster\/public\/p2545479945.webp"}, "alt": "https:\/\/movie.douban.com\/subject\/26588308\/", "id": "26588308"}, {"rating": {"max": 10, "average": 0, "details": {"1": 0, "3": 0, "2": 0, "5": 0, "4": 0}, "stars": "00", "min": 0}, "genres": ["\u559c\u5267", "\u7231\u60c5"], "title": "\u76f8\u4eb2\u65f6\u4ee3", "casts": [{"avatars": {"small": "https://img3.doubanio.com\/view\/celebrity\/s_ratio_celebrity\/public\/p1521637646.86.webp", "large": "https://img3.doubanio.com\/view\/celebrity\/s_ratio_celebrity\/public\/p1521637646.86.webp", "medium": "https://img3.doubanio.com\/view\/celebrity\/s_ratio_celebrity\/public\/p1521637646.86.webp"}, "name_en": "Xinye Li", "name": "\u674e\u6b23\u70e8", "alt": "https:\/\/movie.douban.com\/celebrity\/1356952\/", "id": "1356952"}, {"avatars": {"small": "https://img1.doubanio.com\/view\/celebrity\/s_ratio_celebrity\/public\/p1531205582.49.webp", "large": "https://img1.doubanio.com\/view\/celebrity\/s_ratio_celebrity\/public\/p1531205582.49.webp", "medium": "https://img1.doubanio.com\/view\/celebrity\/s_ratio_celebrity\/public\/p1531205582.49.webp"}, "name_en": "Shuojie Guo", "name": "\u90ed\u70c1\u6770", "alt": "https:\/\/movie.douban.com\/celebrity\/1396977\/", "id": "1396977"}, {"avatars": {"small": "https://img3.doubanio.com\/view\/celebrity\/s_ratio_celebrity\/public\/p1504756996.0.webp", "large": "https://img3.doubanio.com\/view\/celebrity\/s_ratio_celebrity\/public\/p1504756996.0.webp", "medium": "https://img3.doubanio.com\/view\/celebrity\/s_ratio_celebrity\/public\/p1504756996.0.webp"}, "name_en": "Xiaohua Ning", "name": "\u5b81\u5c0f\u82b1", "alt": "https:\/\/movie.douban.com\/celebrity\/1359076\/", "id": "1359076"}], "durations": ["85\u5206\u949f"], "collect_count": 42, "mainland_pubdate": "2019-01-31", "has_video": false, "original_title": "\u76f8\u4eb2\u65f6\u4ee3", "subtype": "movie", "directors": [{"avatars": {"small": "https://img3.doubanio.com\/view\/celebrity\/s_ratio_celebrity\/public\/p1531205566.35.webp", "large": "https://img3.doubanio.com\/view\/celebrity\/s_ratio_celebrity\/public\/p1531205566.35.webp", "medium": "https://img3.doubanio.com\/view\/celebrity\/s_ratio_celebrity\/public\/p1531205566.35.webp"}, "name_en": "Junjun Jiang", "name": "\u848b\u541b\u541b", "alt": "https:\/\/movie.douban.com\/celebrity\/1396975\/", "id": "1396975"}], "pubdates": ["2019-01-31(\u4e2d\u56fd\u5927\u9646)"], "year": "2019", "images": {"small": "https://img1.doubanio.com\/view\/photo\/s_ratio_poster\/public\/p2546240927.webp", "large": "https://img1.doubanio.com\/view\/photo\/s_ratio_poster\/public\/p2546240927.webp", "medium": "https://img1.doubanio.com\/view\/photo\/s_ratio_poster\/public\/p2546240927.webp"}, "alt": "https:\/\/movie.douban.com\/subject\/30269510\/", "id": "30269510"}], "title": "\u6b63\u5728\u4e0a\u6620\u7684\u7535\u5f71-\u5317\u4eac"}