{"count": 20, "start": 0, "total": 250, "subjects": [{"rating": {"max": 10, "average": 9.6, "stars": "50", "min": 0}, "genres": ["\u72af\u7f6a", "\u5267\u60c5"], "title": "\u8096\u7533\u514b\u7684\u6551\u8d4e", "casts": [{"alt": "https:\/\/movie.douban.com\/celebrity\/1054521\/", "avatars": {"small": "https://img3.doubanio.com\/view\/celebrity\/s_ratio_celebrity\/public\/p17525.webp", "large": "https://img3.doubanio.com\/view\/celebrity\/s_ratio_celebrity\/public\/p17525.webp", "medium": "https://img3.doubanio.com\/view\/celebrity\/s_ratio_celebrity\/public\/p17525.webp"}, "name": "\u8482\u59c6\u00b7\u7f57\u5bbe\u65af", "id": "1054521"}, {"alt": "https:\/\/movie.douban.com\/celebrity\/1054534\/", "avatars": {"small": "https://img3.doubanio.com\/view\/celebrity\/s_ratio_celebrity\/public\/p34642.webp", "large": "https://img3.doubanio.com\/view\/celebrity\/s_ratio_celebrity\/public\/p34642.webp", "medium": "https://img3.doubanio.com\/view\/celebrity\/s_ratio_celebrity\/public\/p34642.webp"}, "name": "\u6469\u6839\u00b7\u5f17\u91cc\u66fc", "id": "1054534"}, {"alt": "https:\/\/movie.douban.com\/celebrity\/1041179\/", "avatars": {"small": "https://img1.doubanio.com\/view\/celebrity\/s_ratio_celebrity\/public\/p5837.webp", "large": "https://img1.doubanio.com\/view\/celebrity\/s_ratio_celebrity\/public\/p5837.webp", "medium": "https://img1.doubanio.com\/view\/celebrity\/s_ratio_celebrity\/public\/p5837.webp"}, "name": "\u9c8d\u52c3\u00b7\u5188\u987f", "id": "1041179"}], "collect_count": 1669936, "original_title": "The Shawshank Redemption", "subtype": "movie", "directors": [{"alt": "https:\/\/movie.douban.com\/celebrity\/1047973\/", "avatars": {"small": "https://img3.doubanio.com\/view\/celebrity\/s_ratio_celebrity\/public\/p230.webp", "large": "https://img3.doubanio.com\/view\/celebrity\/s_ratio_celebrity\/public\/p230.webp", "medium": "https://img3.doubanio.com\/view\/celebrity\/s_ratio_celebrity\/public\/p230.webp"}, "name": "\u5f17\u5170\u514b\u00b7\u5fb7\u62c9\u90a6\u7279", "id": "1047973"}], "year": "1994", "images": {"small": "https://img3.doubanio.com\/view\/photo\/s_ratio_poster\/public\/p480747492.webp", "large": "https://img3.doubanio.com\/view\/photo\/s_ratio_poster\/public\/p480747492.webp", "medium": "https://img3.doubanio.com\/view\/photo\/s_ratio_poster\/public\/p480747492.webp"}, "alt": "https:\/\/movie.douban.com\/subject\/1292052\/", "id": "1292052"}, {"rating": {"max": 10, "average": 9.6, "stars": "50", "min": 0}, "genres": ["\u5267\u60c5", "\u7231\u60c5", "\u540c\u6027"], "title": "\u9738\u738b\u522b\u59ec", "casts": [{"alt": "https:\/\/movie.douban.com\/celebrity\/1003494\/", "avatars": {"small": "https://img1.doubanio.com\/view\/celebrity\/s_ratio_celebrity\/public\/p67.webp", "large": "https://img1.doubanio.com\/view\/celebrity\/s_ratio_celebrity\/public\/p67.webp", "medium": "https://img1.doubanio.com\/view\/celebrity\/s_ratio_celebrity\/public\/p67.webp"}, "name": "\u5f20\u56fd\u8363", "id": "1003494"}, {"alt": "https:\/\/movie.douban.com\/celebrity\/1050265\/", "avatars": {"small": "https://img3.doubanio.com\/view\/celebrity\/s_ratio_celebrity\/public\/p46345.webp", "large": "https://img3.doubanio.com\/view\/celebrity\/s_ratio_celebrity\/public\/p46345.webp", "medium": "https://img3.doubanio.com\/view\/celebrity\/s_ratio_celebrity\/public\/p46345.webp"}, "name": "\u5f20\u4e30\u6bc5", "id": "1050265"}, {"alt": "https:\/\/movie.douban.com\/celebrity\/1035641\/", "avatars": {"small": "https://img1.doubanio.com\/view\/celebrity\/s_ratio_celebrity\/public\/p1399268395.47.webp", "large": "https://img1.doubanio.com\/view\/celebrity\/s_ratio_celebrity\/public\/p1399268395.47.webp", "medium": "https://img1.doubanio.com\/view\/celebrity\/s_ratio_celebrity\/public\/p1399268395.47.webp"}, "name": "\u5de9\u4fd0", "id": "1035641"}], "collect_count": 1339684, "original_title": "\u9738\u738b\u522b\u59ec", "subtype": "movie", "directors": [{"alt": "https:\/\/movie.douban.com\/celebrity\/1023040\/", "avatars": {"small": "https://img3.doubanio.com\/view\/celebrity\/s_ratio_celebrity\/public\/p1451727734.81.webp", "large": "https://img3.doubanio.com\/view\/celebrity\/s_ratio_celebrity\/public\/p1451727734.81.webp", "medium": "https://img3.doubanio.com\/view\/celebrity\/s_ratio_celebrity\/public\/p1451727734.81.webp"}, "name": "\u9648\u51ef\u6b4c", "id": "1023040"}], "year": "1993", "images": {"small": "https://img3.doubanio.com\/view\/photo\/s_ratio_poster\/public\/p1910813120.webp", "large": "https://img3.doubanio.com\/view\/photo\/s_ratio_poster\/public\/p1910813120.webp", "medium": "https://img3.doubanio.com\/view\/photo\/s_ratio_poster\/public\/p1910813120.webp"}, "alt": "https:\/\/movie.douban.com\/subject\/1291546\/", "id": "1291546"}, {"rating": {"max": 10, "average": 9.4, "stars": "50", "min": 0}, "genres": ["\u5267\u60c5", "\u52a8\u4f5c", "\u72af\u7f6a"], "title": "\u8fd9\u4e2a\u6740\u624b\u4e0d\u592a\u51b7", "casts": [{"alt": "https:\/\/movie.douban.com\/celebrity\/1025182\/", "avatars": {"small": "https://img3.doubanio.com\/view\/celebrity\/s_ratio_celebrity\/public\/p8833.webp", "large": "https://img3.doubanio.com\/view\/celebrity\/s_ratio_celebrity\/public\/p8833.webp", "medium": "https://img3.doubanio.com\/view\/celebrity\/s_ratio_celebrity\/public\/p8833.webp"}, "name": "\u8ba9\u00b7\u96f7\u8bfa", "id": "1025182"}, {"alt": "https:\/\/movie.douban.com\/celebrity\/1054454\/", "avatars": {"small": "https://img3.doubanio.com\/view\/celebrity\/s_ratio_celebrity\/public\/p2274.webp", "large": "https://img3.doubanio.com\/view\/celebrity\/s_ratio_celebrity\/public\/p2274.webp", "medium": "https://img3.doubanio.com\/view\/celebrity\/s_ratio_celebrity\/public\/p2274.webp"}, "name": "\u5a1c\u5854\u8389\u00b7\u6ce2\u7279\u66fc", "id": "1054454"}, {"alt": "https:\/\/movie.douban.com\/celebrity\/1010507\/", "avatars": {"small": "https://img3.doubanio.com\/view\/celebrity\/s_ratio_celebrity\/public\/p33896.webp", "large": "https://img3.doubanio.com\/view\/celebrity\/s_ratio_celebrity\/public\/p33896.webp", "medium": "https://img3.doubanio.com\/view\/celebrity\/s_ratio_celebrity\/public\/p33896.webp"}, "name": "\u52a0\u91cc\u00b7\u5965\u5fb7\u66fc", "id": "1010507"}], "collect_count": 1742106, "original_title": "L\u00e9on", "subtype": "movie", "directors": [{"alt": "https:\/\/movie.douban.com\/celebrity\/1031876\/", "avatars": {"small": "https://img3.doubanio.com\/view\/celebrity\/s_ratio_celebrity\/public\/p33301.webp", "large": "https://img3.doubanio.com\/view\/celebrity\/s_ratio_celebrity\/public\/p33301.webp", "medium": "https://img3.doubanio.com\/view\/celebrity\/s_ratio_celebrity\/public\/p33301.webp"}, "name": "\u5415\u514b\u00b7\u8d1d\u677e", "id": "1031876"}], "year": "1994", "images": {"small": "https://img3.doubanio.com\/view\/photo\/s_ratio_poster\/public\/p511118051.webp", "large": "https://img3.doubanio.com\/view\/photo\/s_ratio_poster\/public\/p511118051.webp", "medium": "https://img3.doubanio.com\/view\/photo\/s_ratio_poster\/public\/p511118051.webp"}, "alt": "https:\/\/movie.douban.com\/subject\/1295644\/", "id": "1295644"}, {"rating": {"max": 10, "average": 9.4, "stars": "50", "min": 0}, "genres": ["\u5267\u60c5", "\u7231\u60c5"], "title": "\u963f\u7518\u6b63\u4f20", "casts": [{"alt": "https:\/\/movie.douban.com\/celebrity\/1054450\/", "avatars": {"small": "https://img3.doubanio.com\/view\/celebrity\/s_ratio_celebrity\/public\/p28603.webp", "large": "https://img3.doubanio.com\/view\/celebrity\/s_ratio_celebrity\/public\/p28603.webp", "medium": "https://img3.doubanio.com\/view\/celebrity\/s_ratio_celebrity\/public\/p28603.webp"}, "name": "\u6c64\u59c6\u00b7\u6c49\u514b\u65af", "id": "1054450"}, {"alt": "https:\/\/movie.douban.com\/celebrity\/1002676\/", "avatars": {"small": "https://img1.doubanio.com\/view\/celebrity\/s_ratio_celebrity\/public\/p1537890386.77.webp", "large": "https://img1.doubanio.com\/view\/celebrity\/s_ratio_celebrity\/public\/p1537890386.77.webp", "medium": "https://img1.doubanio.com\/view\/celebrity\/s_ratio_celebrity\/public\/p1537890386.77.webp"}, "name": "\u7f57\u5bbe\u00b7\u6000\u7279", "id": "1002676"}, {"alt": "https:\/\/movie.douban.com\/celebrity\/1031848\/", "avatars": {"small": "https://img3.doubanio.com\/view\/celebrity\/s_ratio_celebrity\/public\/p1345.webp", "large": "https://img3.doubanio.com\/view\/celebrity\/s_ratio_celebrity\/public\/p1345.webp", "medium": "https://img3.doubanio.com\/view\/celebrity\/s_ratio_celebrity\/public\/p1345.webp"}, "name": "\u52a0\u91cc\u00b7\u897f\u5c3c\u65af", "id": "1031848"}], "collect_count": 1469589, "original_title": "Forrest Gump", "subtype": "movie", "directors": [{"alt": "https:\/\/movie.douban.com\/celebrity\/1053564\/", "avatars": {"small": "https://img3.doubanio.com\/view\/celebrity\/s_ratio_celebrity\/public\/p505.webp", "large": "https://img3.doubanio.com\/view\/celebrity\/s_ratio_celebrity\/public\/p505.webp", "medium": "https://img3.doubanio.com\/view\/celebrity\/s_ratio_celebrity\/public\/p505.webp"}, "name": "\u7f57\u4f2f\u7279\u00b7\u6cfd\u7c73\u5409\u65af", "id": "1053564"}], "year": "1994", "images": {"small": "https://img1.doubanio.com\/view\/photo\/s_ratio_poster\/public\/p510876377.webp", "large": "https://img1.doubanio.com\/view\/photo\/s_ratio_poster\/public\/p510876377.webp", "medium": "https://img1.doubanio.com\/view\/photo\/s_ratio_poster\/public\/p510876377.webp"}, "alt": "https:\/\/movie.douban.com\/subject\/1292720\/", "id": "1292720"}, {"rating": {"max": 10, "average": 9.5, "stars": "50", "min": 0}, "genres": ["\u5267\u60c5", "\u559c\u5267", "\u7231\u60c5"], "title": "\u7f8e\u4e3d\u4eba\u751f", "casts": [{"alt": "https:\/\/movie.douban.com\/celebrity\/1041004\/", "avatars": {"small": "https://img3.doubanio.com\/view\/celebrity\/s_ratio_celebrity\/public\/p26764.webp", "large": "https://img3.doubanio.com\/view\/celebrity\/s_ratio_celebrity\/public\/p26764.webp", "medium": "https://img3.doubanio.com\/view\/celebrity\/s_ratio_celebrity\/public\/p26764.webp"}, "name": "\u7f57\u4f2f\u6258\u00b7\u8d1d\u5c3c\u5c3c", "id": "1041004"}, {"alt": "https:\/\/movie.douban.com\/celebrity\/1000375\/", "avatars": {"small": "https://img1.doubanio.com\/view\/celebrity\/s_ratio_celebrity\/public\/p9548.webp", "large": "https://img1.doubanio.com\/view\/celebrity\/s_ratio_celebrity\/public\/p9548.webp", "medium": "https://img1.doubanio.com\/view\/celebrity\/s_ratio_celebrity\/public\/p9548.webp"}, "name": "\u5c3c\u53ef\u83b1\u5854\u00b7\u5e03\u62c9\u65af\u57fa", "id": "1000375"}, {"alt": "https:\/\/movie.douban.com\/celebrity\/1000368\/", "avatars": {"small": "https://img3.doubanio.com\/view\/celebrity\/s_ratio_celebrity\/public\/p45590.webp", "large": "https://img3.doubanio.com\/view\/celebrity\/s_ratio_celebrity\/public\/p45590.webp", "medium": "https://img3.doubanio.com\/view\/celebrity\/s_ratio_celebrity\/public\/p45590.webp"}, "name": "\u4e54\u6cbb\u00b7\u574e\u5854\u91cc\u5c3c", "id": "1000368"}], "collect_count": 769599, "original_title": "La vita \u00e8 bella", "subtype": "movie", "directors": [{"alt": "https:\/\/movie.douban.com\/celebrity\/1041004\/", "avatars": {"small": "https://img3.doubanio.com\/view\/celebrity\/s_ratio_celebrity\/public\/p26764.webp", "large": "https://img3.doubanio.com\/view\/celebrity\/s_ratio_celebrity\/public\/p26764.webp", "medium": "https://img3.doubanio.com\/view\/celebrity\/s_ratio_celebrity\/public\/p26764.webp"}, "name": "\u7f57\u4f2f\u6258\u00b7\u8d1d\u5c3c\u5c3c", "id": "1041004"}], "year": "1997", "images": {"small": "https://img3.doubanio.com\/view\/photo\/s_ratio_poster\/public\/p510861873.webp", "large": "https://img3.doubanio.com\/view\/photo\/s_ratio_poster\/public\/p510861873.webp", "medium": "https://img3.doubanio.com\/view\/photo\/s_ratio_poster\/public\/p510861873.webp"}, "alt": "https:\/\/movie.douban.com\/subject\/1292063\/", "id": "1292063"}, {"rating": {"max": 10, "average": 9.3, "stars": "50", "min": 0}, "genres": ["\u5267\u60c5", "\u7231\u60c5", "\u707e\u96be"], "title": "\u6cf0\u5766\u5c3c\u514b\u53f7", "casts": [{"alt": "https:\/\/movie.douban.com\/celebrity\/1041029\/", "avatars": {"small": "https://img3.doubanio.com\/view\/celebrity\/s_ratio_celebrity\/public\/p814.webp", "large": "https://img3.doubanio.com\/view\/celebrity\/s_ratio_celebrity\/public\/p814.webp", "medium": "https://img3.doubanio.com\/view\/celebrity\/s_ratio_celebrity\/public\/p814.webp"}, "name": "\u83b1\u6602\u7eb3\u591a\u00b7\u8fea\u5361\u666e\u91cc\u5965", "id": "1041029"}, {"alt": "https:\/\/movie.douban.com\/celebrity\/1054446\/", "avatars": {"small": "https://img1.doubanio.com\/view\/celebrity\/s_ratio_celebrity\/public\/p53358.webp", "large": "https://img1.doubanio.com\/view\/celebrity\/s_ratio_celebrity\/public\/p53358.webp", "medium": "https://img1.doubanio.com\/view\/celebrity\/s_ratio_celebrity\/public\/p53358.webp"}, "name": "\u51ef\u7279\u00b7\u6e29\u4e1d\u83b1\u7279", "id": "1054446"}, {"alt": "https:\/\/movie.douban.com\/celebrity\/1031864\/", "avatars": {"small": "https://img3.doubanio.com\/view\/celebrity\/s_ratio_celebrity\/public\/p45186.webp", "large": "https://img3.doubanio.com\/view\/celebrity\/s_ratio_celebrity\/public\/p45186.webp", "medium": "https://img3.doubanio.com\/view\/celebrity\/s_ratio_celebrity\/public\/p45186.webp"}, "name": "\u6bd4\u5229\u00b7\u8d5e\u6069", "id": "1031864"}], "collect_count": 1354807, "original_title": "Titanic", "subtype": "movie", "directors": [{"alt": "https:\/\/movie.douban.com\/celebrity\/1022571\/", "avatars": {"small": "https://img3.doubanio.com\/view\/celebrity\/s_ratio_celebrity\/public\/p33715.webp", "large": "https://img3.doubanio.com\/view\/celebrity\/s_ratio_celebrity\/public\/p33715.webp", "medium": "https://img3.doubanio.com\/view\/celebrity\/s_ratio_celebrity\/public\/p33715.webp"}, "name": "\u8a79\u59c6\u65af\u00b7\u5361\u6885\u9686", "id": "1022571"}], "year": "1997", "images": {"small": "https://img3.doubanio.com\/view\/photo\/s_ratio_poster\/public\/p457760035.webp", "large": "https://img3.doubanio.com\/view\/photo\/s_ratio_poster\/public\/p457760035.webp", "medium": "https://img3.doubanio.com\/view\/photo\/s_ratio_poster\/public\/p457760035.webp"}, "alt": "https:\/\/movie.douban.com\/subject\/1292722\/", "id": "1292722"}, {"rating": {"max": 10, "average": 9.3, "stars": "50", "min": 0}, "genres": ["\u5267\u60c5", "\u52a8\u753b", "\u5947\u5e7b"], "title": "\u5343\u4e0e\u5343\u5bfb", "casts": [{"alt": "https:\/\/movie.douban.com\/celebrity\/1023337\/", "avatars": {"small": "https://img3.doubanio.com\/view\/celebrity\/s_ratio_celebrity\/public\/p1463193210.13.webp", "large": "https://img3.doubanio.com\/view\/celebrity\/s_ratio_celebrity\/public\/p1463193210.13.webp", "medium": "https://img3.doubanio.com\/view\/celebrity\/s_ratio_celebrity\/public\/p1463193210.13.webp"}, "name": "\u67ca\u7460\u7f8e", "id": "1023337"}, {"alt": "https:\/\/movie.douban.com\/celebrity\/1005438\/", "avatars": {"small": "https://img3.doubanio.com\/view\/celebrity\/s_ratio_celebrity\/public\/p44986.webp", "large": "https://img3.doubanio.com\/view\/celebrity\/s_ratio_celebrity\/public\/p44986.webp", "medium": "https://img3.doubanio.com\/view\/celebrity\/s_ratio_celebrity\/public\/p44986.webp"}, "name": "\u5165\u91ce\u81ea\u7531", "id": "1005438"}, {"alt": "https:\/\/movie.douban.com\/celebrity\/1045797\/", "avatars": {"small": "https://img3.doubanio.com\/view\/celebrity\/s_ratio_celebrity\/public\/p1376151005.51.webp", "large": "https://img3.doubanio.com\/view\/celebrity\/s_ratio_celebrity\/public\/p1376151005.51.webp", "medium": "https://img3.doubanio.com\/view\/celebrity\/s_ratio_celebrity\/public\/p1376151005.51.webp"}, "name": "\u590f\u6728\u771f\u7406", "id": "1045797"}], "collect_count": 1247635, "original_title": "\u5343\u3068\u5343\u5c0b\u306e\u795e\u96a0\u3057", "subtype": "movie", "directors": [{"alt": "https:\/\/movie.douban.com\/celebrity\/1054439\/", "avatars": {"small": "https://img3.doubanio.com\/view\/celebrity\/s_ratio_celebrity\/public\/p616.webp", "large": "https://img3.doubanio.com\/view\/celebrity\/s_ratio_celebrity\/public\/p616.webp", "medium": "https://img3.doubanio.com\/view\/celebrity\/s_ratio_celebrity\/public\/p616.webp"}, "name": "\u5bab\u5d0e\u9a8f", "id": "1054439"}], "year": "2001", "images": {"small": "https://img3.doubanio.com\/view\/photo\/s_ratio_poster\/public\/p1606727862.webp", "large": "https://img3.doubanio.com\/view\/photo\/s_ratio_poster\/public\/p1606727862.webp", "medium": "https://img3.doubanio.com\/view\/photo\/s_ratio_poster\/public\/p1606727862.webp"}, "alt": "https:\/\/movie.douban.com\/subject\/1291561\/", "id": "1291561"}, {"rating": {"max": 10, "average": 9.5, "stars": "50", "min": 0}, "genres": ["\u5267\u60c5", "\u5386\u53f2", "\u6218\u4e89"], "title": "\u8f9b\u5fb7\u52d2\u7684\u540d\u5355", "casts": [{"alt": "https:\/\/movie.douban.com\/celebrity\/1031220\/", "avatars": {"small": "https://img3.doubanio.com\/view\/celebrity\/s_ratio_celebrity\/public\/p44906.webp", "large": "https://img3.doubanio.com\/view\/celebrity\/s_ratio_celebrity\/public\/p44906.webp", "medium": "https://img3.doubanio.com\/view\/celebrity\/s_ratio_celebrity\/public\/p44906.webp"}, "name": "\u8fde\u59c6\u00b7\u5c3c\u68ee", "id": "1031220"}, {"alt": "https:\/\/movie.douban.com\/celebrity\/1054393\/", "avatars": {"small": "https://img1.doubanio.com\/view\/celebrity\/s_ratio_celebrity\/public\/p1374649659.58.webp", "large": "https://img1.doubanio.com\/view\/celebrity\/s_ratio_celebrity\/public\/p1374649659.58.webp", "medium": "https://img1.doubanio.com\/view\/celebrity\/s_ratio_celebrity\/public\/p1374649659.58.webp"}, "name": "\u672c\u00b7\u91d1\u65af\u5229", "id": "1054393"}, {"alt": "https:\/\/movie.douban.com\/celebrity\/1006956\/", "avatars": {"small": "https://img3.doubanio.com\/view\/celebrity\/s_ratio_celebrity\/public\/p28941.webp", "large": "https://img3.doubanio.com\/view\/celebrity\/s_ratio_celebrity\/public\/p28941.webp", "medium": "https://img3.doubanio.com\/view\/celebrity\/s_ratio_celebrity\/public\/p28941.webp"}, "name": "\u62c9\u5c14\u592b\u00b7\u8d39\u56e0\u65af", "id": "1006956"}], "collect_count": 717247, "original_title": "Schindler's List", "subtype": "movie", "directors": [{"alt": "https:\/\/movie.douban.com\/celebrity\/1054440\/", "avatars": {"small": "https://img3.doubanio.com\/view\/celebrity\/s_ratio_celebrity\/public\/p34602.webp", "large": "https://img3.doubanio.com\/view\/celebrity\/s_ratio_celebrity\/public\/p34602.webp", "medium": "https://img3.doubanio.com\/view\/celebrity\/s_ratio_celebrity\/public\/p34602.webp"}, "name": "\u53f2\u8482\u6587\u00b7\u65af\u76ae\u5c14\u4f2f\u683c", "id": "1054440"}], "year": "1993", "images": {"small": "https://img3.doubanio.com\/view\/photo\/s_ratio_poster\/public\/p492406163.webp", "large": "https://img3.doubanio.com\/view\/photo\/s_ratio_poster\/public\/p492406163.webp", "medium": "https://img3.doubanio.com\/view\/photo\/s_ratio_poster\/public\/p492406163.webp"}, "alt": "https:\/\/movie.douban.com\/subject\/1295124\/", "id": "1295124"}, {"rating": {"max": 10, "average": 9.3, "stars": "50", "min": 0}, "genres": ["\u5267\u60c5", "\u79d1\u5e7b", "\u60ac\u7591"], "title": "\u76d7\u68a6\u7a7a\u95f4", "casts": [{"alt": "https:\/\/movie.douban.com\/celebrity\/1041029\/", "avatars": {"small": "https://img3.doubanio.com\/view\/celebrity\/s_ratio_celebrity\/public\/p814.webp", "large": "https://img3.doubanio.com\/view\/celebrity\/s_ratio_celebrity\/public\/p814.webp", "medium": "https://img3.doubanio.com\/view\/celebrity\/s_ratio_celebrity\/public\/p814.webp"}, "name": "\u83b1\u6602\u7eb3\u591a\u00b7\u8fea\u5361\u666e\u91cc\u5965", "id": "1041029"}, {"alt": "https:\/\/movie.douban.com\/celebrity\/1101703\/", "avatars": {"small": "https://img1.doubanio.com\/view\/celebrity\/s_ratio_celebrity\/public\/p3517.webp", "large": "https://img1.doubanio.com\/view\/celebrity\/s_ratio_celebrity\/public\/p3517.webp", "medium": "https://img1.doubanio.com\/view\/celebrity\/s_ratio_celebrity\/public\/p3517.webp"}, "name": "\u7ea6\u745f\u592b\u00b7\u9ad8\u767b-\u83b1\u7ef4\u7279", "id": "1101703"}, {"alt": "https:\/\/movie.douban.com\/celebrity\/1012520\/", "avatars": {"small": "https://img1.doubanio.com\/view\/celebrity\/s_ratio_celebrity\/public\/p118.webp", "large": "https://img1.doubanio.com\/view\/celebrity\/s_ratio_celebrity\/public\/p118.webp", "medium": "https://img1.doubanio.com\/view\/celebrity\/s_ratio_celebrity\/public\/p118.webp"}, "name": "\u827e\u4f26\u00b7\u4f69\u5409", "id": "1012520"}], "collect_count": 1479693, "original_title": "Inception", "subtype": "movie", "directors": [{"alt": "https:\/\/movie.douban.com\/celebrity\/1054524\/", "avatars": {"small": "https://img3.doubanio.com\/view\/celebrity\/s_ratio_celebrity\/public\/p673.webp", "large": "https://img3.doubanio.com\/view\/celebrity\/s_ratio_celebrity\/public\/p673.webp", "medium": "https://img3.doubanio.com\/view\/celebrity\/s_ratio_celebrity\/public\/p673.webp"}, "name": "\u514b\u91cc\u65af\u6258\u5f17\u00b7\u8bfa\u5170", "id": "1054524"}], "year": "2010", "images": {"small": "https://img3.doubanio.com\/view\/photo\/s_ratio_poster\/public\/p513344864.webp", "large": "https://img3.doubanio.com\/view\/photo\/s_ratio_poster\/public\/p513344864.webp", "medium": "https://img3.doubanio.com\/view\/photo\/s_ratio_poster\/public\/p513344864.webp"}, "alt": "https:\/\/movie.douban.com\/subject\/3541415\/", "id": "3541415"}, {"rating": {"max": 10, "average": 9.3, "stars": "50", "min": 0}, "genres": ["\u5267\u60c5"], "title": "\u5fe0\u72ac\u516b\u516c\u7684\u6545\u4e8b", "casts": [{"alt": "https:\/\/movie.douban.com\/celebrity\/1040997\/", "avatars": {"small": "https://img3.doubanio.com\/view\/celebrity\/s_ratio_celebrity\/public\/p33013.webp", "large": "https://img3.doubanio.com\/view\/celebrity\/s_ratio_celebrity\/public\/p33013.webp", "medium": "https://img3.doubanio.com\/view\/celebrity\/s_ratio_celebrity\/public\/p33013.webp"}, "name": "\u7406\u67e5\u00b7\u57fa\u5c14", "id": "1040997"}, {"alt": "https:\/\/movie.douban.com\/celebrity\/1049499\/", "avatars": {"small": "https://img3.doubanio.com\/view\/celebrity\/s_ratio_celebrity\/public\/p5502.webp", "large": "https://img3.doubanio.com\/view\/celebrity\/s_ratio_celebrity\/public\/p5502.webp", "medium": "https://img3.doubanio.com\/view\/celebrity\/s_ratio_celebrity\/public\/p5502.webp"}, "name": "\u8428\u62c9\u00b7\u7f57\u9ed8\u5c14", "id": "1049499"}, {"alt": "https:\/\/movie.douban.com\/celebrity\/1025215\/", "avatars": {"small": "https://img3.doubanio.com\/view\/celebrity\/s_ratio_celebrity\/public\/p17520.webp", "large": "https://img3.doubanio.com\/view\/celebrity\/s_ratio_celebrity\/public\/p17520.webp", "medium": "https://img3.doubanio.com\/view\/celebrity\/s_ratio_celebrity\/public\/p17520.webp"}, "name": "\u743c\u00b7\u827e\u4f26", "id": "1025215"}], "collect_count": 1067147, "original_title": "Hachi: A Dog's Tale", "subtype": "movie", "directors": [{"alt": "https:\/\/movie.douban.com\/celebrity\/1018014\/", "avatars": {"small": "https://img3.doubanio.com\/view\/celebrity\/s_ratio_celebrity\/public\/p4333.webp", "large": "https://img3.doubanio.com\/view\/celebrity\/s_ratio_celebrity\/public\/p4333.webp", "medium": "https://img3.doubanio.com\/view\/celebrity\/s_ratio_celebrity\/public\/p4333.webp"}, "name": "\u62c9\u65af\u00b7\u970d\u5c14\u65af\u9053\u59c6", "id": "1018014"}], "year": "2009", "images": {"small": "https://img3.doubanio.com\/view\/photo\/s_ratio_poster\/public\/p524964016.webp", "large": "https://img3.doubanio.com\/view\/photo\/s_ratio_poster\/public\/p524964016.webp", "medium": "https://img3.doubanio.com\/view\/photo\/s_ratio_poster\/public\/p524964016.webp"}, "alt": "https:\/\/movie.douban.com\/subject\/3011091\/", "id": "3011091"}, {"rating": {"max": 10, "average": 9.3, "stars": "50", "min": 0}, "genres": ["\u7231\u60c5", "\u79d1\u5e7b", "\u52a8\u753b"], "title": "\u673a\u5668\u4eba\u603b\u52a8\u5458", "casts": [{"alt": "https:\/\/movie.douban.com\/celebrity\/1009535\/", "avatars": {"small": "https://img1.doubanio.com\/view\/celebrity\/s_ratio_celebrity\/public\/p13028.webp", "large": "https://img1.doubanio.com\/view\/celebrity\/s_ratio_celebrity\/public\/p13028.webp", "medium": "https://img1.doubanio.com\/view\/celebrity\/s_ratio_celebrity\/public\/p13028.webp"}, "name": "\u672c\u00b7\u8d1d\u5c14\u7279", "id": "1009535"}, {"alt": "https:\/\/movie.douban.com\/celebrity\/1000389\/", "avatars": {"small": "https://img3.doubanio.com\/view\/celebrity\/s_ratio_celebrity\/public\/p1519794715.93.webp", "large": "https://img3.doubanio.com\/view\/celebrity\/s_ratio_celebrity\/public\/p1519794715.93.webp", "medium": "https://img3.doubanio.com\/view\/celebrity\/s_ratio_celebrity\/public\/p1519794715.93.webp"}, "name": "\u827e\u4e3d\u838e\u00b7\u5948\u7279", "id": "1000389"}, {"alt": "https:\/\/movie.douban.com\/celebrity\/1018022\/", "avatars": {"small": "https://img1.doubanio.com\/view\/celebrity\/s_ratio_celebrity\/public\/p31068.webp", "large": "https://img1.doubanio.com\/view\/celebrity\/s_ratio_celebrity\/public\/p31068.webp", "medium": "https://img1.doubanio.com\/view\/celebrity\/s_ratio_celebrity\/public\/p31068.webp"}, "name": "\u6770\u592b\u00b7\u683c\u5c14\u6797", "id": "1018022"}], "collect_count": 939479, "original_title": "WALL\u00b7E", "subtype": "movie", "directors": [{"alt": "https:\/\/movie.douban.com\/celebrity\/1036450\/", "avatars": {"small": "https://img3.doubanio.com\/view\/celebrity\/s_ratio_celebrity\/public\/p1467359656.96.webp", "large": "https://img3.doubanio.com\/view\/celebrity\/s_ratio_celebrity\/public\/p1467359656.96.webp", "medium": "https://img3.doubanio.com\/view\/celebrity\/s_ratio_celebrity\/public\/p1467359656.96.webp"}, "name": "\u5b89\u5fb7\u9c81\u00b7\u65af\u5766\u987f", "id": "1036450"}], "year": "2008", "images": {"small": "https://img3.doubanio.com\/view\/photo\/s_ratio_poster\/public\/p1461851991.webp", "large": "https://img3.doubanio.com\/view\/photo\/s_ratio_poster\/public\/p1461851991.webp", "medium": "https://img3.doubanio.com\/view\/photo\/s_ratio_poster\/public\/p1461851991.webp"}, "alt": "https:\/\/movie.douban.com\/subject\/2131459\/", "id": "2131459"}, {"rating": {"max": 10, "average": 9.2, "stars": "45", "min": 0}, "genres": ["\u5267\u60c5", "\u559c\u5267", "\u7231\u60c5"], "title": "\u4e09\u50bb\u5927\u95f9\u5b9d\u83b1\u575e", "casts": [{"alt": "https:\/\/movie.douban.com\/celebrity\/1031931\/", "avatars": {"small": "https://img1.doubanio.com\/view\/celebrity\/s_ratio_celebrity\/public\/p13628.webp", "large": "https://img1.doubanio.com\/view\/celebrity\/s_ratio_celebrity\/public\/p13628.webp", "medium": "https://img1.doubanio.com\/view\/celebrity\/s_ratio_celebrity\/public\/p13628.webp"}, "name": "\u963f\u7c73\u5c14\u00b7\u6c57", "id": "1031931"}, {"alt": "https:\/\/movie.douban.com\/celebrity\/1049635\/", "avatars": {"small": "https://img1.doubanio.com\/view\/celebrity\/s_ratio_celebrity\/public\/p5568.webp", "large": "https://img1.doubanio.com\/view\/celebrity\/s_ratio_celebrity\/public\/p5568.webp", "medium": "https://img1.doubanio.com\/view\/celebrity\/s_ratio_celebrity\/public\/p5568.webp"}, "name": "\u5361\u7433\u5a1c\u00b7\u5361\u666e\u5c14", "id": "1049635"}, {"alt": "https:\/\/movie.douban.com\/celebrity\/1018290\/", "avatars": {"small": "https://img3.doubanio.com\/view\/celebrity\/s_ratio_celebrity\/public\/p5651.webp", "large": "https://img3.doubanio.com\/view\/celebrity\/s_ratio_celebrity\/public\/p5651.webp", "medium": "https://img3.doubanio.com\/view\/celebrity\/s_ratio_celebrity\/public\/p5651.webp"}, "name": "\u9a6c\u8fbe\u8303", "id": "1018290"}], "collect_count": 1243165, "original_title": "3 Idiots", "subtype": "movie", "directors": [{"alt": "https:\/\/movie.douban.com\/celebrity\/1286677\/", "avatars": {"small": "https://img1.doubanio.com\/view\/celebrity\/s_ratio_celebrity\/public\/p16549.webp", "large": "https://img1.doubanio.com\/view\/celebrity\/s_ratio_celebrity\/public\/p16549.webp", "medium": "https://img1.doubanio.com\/view\/celebrity\/s_ratio_celebrity\/public\/p16549.webp"}, "name": "\u62c9\u5409\u5e93\u9a6c\u5c14\u00b7\u5e0c\u62c9\u5c3c", "id": "1286677"}], "year": "2009", "images": {"small": "https://img3.doubanio.com\/view\/photo\/s_ratio_poster\/public\/p579729551.webp", "large": "https://img3.doubanio.com\/view\/photo\/s_ratio_poster\/public\/p579729551.webp", "medium": "https://img3.doubanio.com\/view\/photo\/s_ratio_poster\/public\/p579729551.webp"}, "alt": "https:\/\/movie.douban.com\/subject\/3793023\/", "id": "3793023"}, {"rating": {"max": 10, "average": 9.2, "stars": "50", "min": 0}, "genres": ["\u5267\u60c5", "\u97f3\u4e50"], "title": "\u6d77\u4e0a\u94a2\u7434\u5e08", "casts": [{"alt": "https:\/\/movie.douban.com\/celebrity\/1025176\/", "avatars": {"small": "https://img3.doubanio.com\/view\/celebrity\/s_ratio_celebrity\/public\/p6281.webp", "large": "https://img3.doubanio.com\/view\/celebrity\/s_ratio_celebrity\/public\/p6281.webp", "medium": "https://img3.doubanio.com\/view\/celebrity\/s_ratio_celebrity\/public\/p6281.webp"}, "name": "\u8482\u59c6\u00b7\u7f57\u65af", "id": "1025176"}, {"alt": "https:\/\/movie.douban.com\/celebrity\/1010659\/", "avatars": {"small": "https://img3.doubanio.com\/view\/celebrity\/s_ratio_celebrity\/public\/p1355152571.6.webp", "large": "https://img3.doubanio.com\/view\/celebrity\/s_ratio_celebrity\/public\/p1355152571.6.webp", "medium": "https://img3.doubanio.com\/view\/celebrity\/s_ratio_celebrity\/public\/p1355152571.6.webp"}, "name": "\u666e\u8def\u7279\u00b7\u6cf0\u52d2\u00b7\u6587\u65af", "id": "1010659"}, {"alt": "https:\/\/movie.douban.com\/celebrity\/1027407\/", "avatars": {"small": "https://img3.doubanio.com\/view\/celebrity\/s_ratio_celebrity\/public\/p12333.webp", "large": "https://img3.doubanio.com\/view\/celebrity\/s_ratio_celebrity\/public\/p12333.webp", "medium": "https://img3.doubanio.com\/view\/celebrity\/s_ratio_celebrity\/public\/p12333.webp"}, "name": "\u6bd4\u5c14\u00b7\u52aa\u6069", "id": "1027407"}], "collect_count": 1052312, "original_title": "La leggenda del pianista sull'oceano", "subtype": "movie", "directors": [{"alt": "https:\/\/movie.douban.com\/celebrity\/1018983\/", "avatars": {"small": "https://img3.doubanio.com\/view\/celebrity\/s_ratio_celebrity\/public\/p195.webp", "large": "https://img3.doubanio.com\/view\/celebrity\/s_ratio_celebrity\/public\/p195.webp", "medium": "https://img3.doubanio.com\/view\/celebrity\/s_ratio_celebrity\/public\/p195.webp"}, "name": "\u6731\u585e\u4f69\u00b7\u6258\u7eb3\u591a\u96f7", "id": "1018983"}], "year": "1998", "images": {"small": "https://img1.doubanio.com\/view\/photo\/s_ratio_poster\/public\/p511146807.webp", "large": "https://img1.doubanio.com\/view\/photo\/s_ratio_poster\/public\/p511146807.webp", "medium": "https://img1.doubanio.com\/view\/photo\/s_ratio_poster\/public\/p511146807.webp"}, "alt": "https:\/\/movie.douban.com\/subject\/1292001\/", "id": "1292001"}, {"rating": {"max": 10, "average": 9.3, "stars": "50", "min": 0}, "genres": ["\u5267\u60c5", "\u97f3\u4e50"], "title": "\u653e\u725b\u73ed\u7684\u6625\u5929", "casts": [{"alt": "https:\/\/movie.douban.com\/celebrity\/1048281\/", "avatars": {"small": "https://img3.doubanio.com\/view\/celebrity\/s_ratio_celebrity\/public\/p3363.webp", "large": "https://img3.doubanio.com\/view\/celebrity\/s_ratio_celebrity\/public\/p3363.webp", "medium": "https://img3.doubanio.com\/view\/celebrity\/s_ratio_celebrity\/public\/p3363.webp"}, "name": "\u70ed\u62c9\u5c14\u00b7\u6731\u5c3c\u5965", "id": "1048281"}, {"alt": "https:\/\/movie.douban.com\/celebrity\/1036712\/", "avatars": {"small": "https://img3.doubanio.com\/view\/celebrity\/s_ratio_celebrity\/public\/p1414312828.15.webp", "large": "https://img3.doubanio.com\/view\/celebrity\/s_ratio_celebrity\/public\/p1414312828.15.webp", "medium": "https://img3.doubanio.com\/view\/celebrity\/s_ratio_celebrity\/public\/p1414312828.15.webp"}, "name": "\u8ba9-\u5df4\u8482\u65af\u7279\u00b7\u83ab\u5c3c\u8036", "id": "1036712"}, {"alt": "https:\/\/movie.douban.com\/celebrity\/1054351\/", "avatars": {"small": "https://img1.doubanio.com\/view\/celebrity\/s_ratio_celebrity\/public\/p9329.webp", "large": "https://img1.doubanio.com\/view\/celebrity\/s_ratio_celebrity\/public\/p9329.webp", "medium": "https://img1.doubanio.com\/view\/celebrity\/s_ratio_celebrity\/public\/p9329.webp"}, "name": "\u5f17\u6717\u7d22\u74e6\u00b7\u8d1d\u83b1\u6602", "id": "1054351"}], "collect_count": 939400, "original_title": "Les choristes", "subtype": "movie", "directors": [{"alt": "https:\/\/movie.douban.com\/celebrity\/1277959\/", "avatars": {"small": "https://img3.doubanio.com\/view\/celebrity\/s_ratio_celebrity\/public\/p24744.webp", "large": "https://img3.doubanio.com\/view\/celebrity\/s_ratio_celebrity\/public\/p24744.webp", "medium": "https://img3.doubanio.com\/view\/celebrity\/s_ratio_celebrity\/public\/p24744.webp"}, "name": "\u514b\u91cc\u65af\u6258\u592b\u00b7\u5df4\u62c9\u8482", "id": "1277959"}], "year": "2004", "images": {"small": "https://img3.doubanio.com\/view\/photo\/s_ratio_poster\/public\/p1910824951.webp", "large": "https://img3.doubanio.com\/view\/photo\/s_ratio_poster\/public\/p1910824951.webp", "medium": "https://img3.doubanio.com\/view\/photo\/s_ratio_poster\/public\/p1910824951.webp"}, "alt": "https:\/\/movie.douban.com\/subject\/1291549\/", "id": "1291549"}, {"rating": {"max": 10, "average": 9.2, "stars": "45", "min": 0}, "genres": ["\u559c\u5267", "\u7231\u60c5", "\u5947\u5e7b"], "title": "\u5927\u8bdd\u897f\u6e38\u4e4b\u5927\u5723\u5a36\u4eb2", "casts": [{"alt": "https:\/\/movie.douban.com\/celebrity\/1048026\/", "avatars": {"small": "https://img3.doubanio.com\/view\/celebrity\/s_ratio_celebrity\/public\/p47421.webp", "large": "https://img3.doubanio.com\/view\/celebrity\/s_ratio_celebrity\/public\/p47421.webp", "medium": "https://img3.doubanio.com\/view\/celebrity\/s_ratio_celebrity\/public\/p47421.webp"}, "name": "\u5468\u661f\u9a70", "id": "1048026"}, {"alt": "https:\/\/movie.douban.com\/celebrity\/1016771\/", "avatars": {"small": "https://img3.doubanio.com\/view\/celebrity\/s_ratio_celebrity\/public\/p45481.webp", "large": "https://img3.doubanio.com\/view\/celebrity\/s_ratio_celebrity\/public\/p45481.webp", "medium": "https://img3.doubanio.com\/view\/celebrity\/s_ratio_celebrity\/public\/p45481.webp"}, "name": "\u5434\u5b5f\u8fbe", "id": "1016771"}, {"alt": "https:\/\/movie.douban.com\/celebrity\/1041734\/", "avatars": {"small": "https://img1.doubanio.com\/view\/celebrity\/s_ratio_celebrity\/public\/p49237.webp", "large": "https://img1.doubanio.com\/view\/celebrity\/s_ratio_celebrity\/public\/p49237.webp", "medium": "https://img1.doubanio.com\/view\/celebrity\/s_ratio_celebrity\/public\/p49237.webp"}, "name": "\u6731\u8335", "id": "1041734"}], "collect_count": 986394, "original_title": "\u897f\u904a\u8a18\u5927\u7d50\u5c40\u4e4b\u4ed9\u5c65\u5947\u7de3", "subtype": "movie", "directors": [{"alt": "https:\/\/movie.douban.com\/celebrity\/1274431\/", "avatars": {"small": "https://img3.doubanio.com\/view\/celebrity\/s_ratio_celebrity\/public\/p45374.webp", "large": "https://img3.doubanio.com\/view\/celebrity\/s_ratio_celebrity\/public\/p45374.webp", "medium": "https://img3.doubanio.com\/view\/celebrity\/s_ratio_celebrity\/public\/p45374.webp"}, "name": "\u5218\u9547\u4f1f", "id": "1274431"}], "year": "1995", "images": {"small": "https://img3.doubanio.com\/view\/photo\/s_ratio_poster\/public\/p2455050536.webp", "large": "https://img3.doubanio.com\/view\/photo\/s_ratio_poster\/public\/p2455050536.webp", "medium": "https://img3.doubanio.com\/view\/photo\/s_ratio_poster\/public\/p2455050536.webp"}, "alt": "https:\/\/movie.douban.com\/subject\/1292213\/", "id": "1292213"}, {"rating": {"max": 10, "average": 9.2, "stars": "45", "min": 0}, "genres": ["\u5267\u60c5", "\u79d1\u5e7b"], "title": "\u695a\u95e8\u7684\u4e16\u754c", "casts": [{"alt": "https:\/\/movie.douban.com\/celebrity\/1054438\/", "avatars": {"small": "https://img3.doubanio.com\/view\/celebrity\/s_ratio_celebrity\/public\/p615.webp", "large": "https://img3.doubanio.com\/view\/celebrity\/s_ratio_celebrity\/public\/p615.webp", "medium": "https://img3.doubanio.com\/view\/celebrity\/s_ratio_celebrity\/public\/p615.webp"}, "name": "\u91d1\u00b7\u51ef\u745e", "id": "1054438"}, {"alt": "https:\/\/movie.douban.com\/celebrity\/1053572\/", "avatars": {"small": "https://img3.doubanio.com\/view\/celebrity\/s_ratio_celebrity\/public\/p516.webp", "large": "https://img3.doubanio.com\/view\/celebrity\/s_ratio_celebrity\/public\/p516.webp", "medium": "https://img3.doubanio.com\/view\/celebrity\/s_ratio_celebrity\/public\/p516.webp"}, "name": "\u52b3\u62c9\u00b7\u7433\u59ae", "id": "1053572"}, {"alt": "https:\/\/movie.douban.com\/celebrity\/1048024\/", "avatars": {"small": "https://img3.doubanio.com\/view\/celebrity\/s_ratio_celebrity\/public\/p1485163747.76.webp", "large": "https://img3.doubanio.com\/view\/celebrity\/s_ratio_celebrity\/public\/p1485163747.76.webp", "medium": "https://img3.doubanio.com\/view\/celebrity\/s_ratio_celebrity\/public\/p1485163747.76.webp"}, "name": "\u827e\u5fb7\u00b7\u54c8\u91cc\u65af", "id": "1048024"}], "collect_count": 965737, "original_title": "The Truman Show", "subtype": "movie", "directors": [{"alt": "https:\/\/movie.douban.com\/celebrity\/1022721\/", "avatars": {"small": "https://img3.doubanio.com\/view\/celebrity\/s_ratio_celebrity\/public\/p4360.webp", "large": "https://img3.doubanio.com\/view\/celebrity\/s_ratio_celebrity\/public\/p4360.webp", "medium": "https://img3.doubanio.com\/view\/celebrity\/s_ratio_celebrity\/public\/p4360.webp"}, "name": "\u5f7c\u5f97\u00b7\u5a01\u5c14", "id": "1022721"}], "year": "1998", "images": {"small": "https://img3.doubanio.com\/view\/photo\/s_ratio_poster\/public\/p479682972.webp", "large": "https://img3.doubanio.com\/view\/photo\/s_ratio_poster\/public\/p479682972.webp", "medium": "https://img3.doubanio.com\/view\/photo\/s_ratio_poster\/public\/p479682972.webp"}, "alt": "https:\/\/movie.douban.com\/subject\/1292064\/", "id": "1292064"}, {"rating": {"max": 10, "average": 9.2, "stars": "50", "min": 0}, "genres": ["\u5267\u60c5", "\u79d1\u5e7b", "\u5192\u9669"], "title": "\u661f\u9645\u7a7f\u8d8a", "casts": [{"alt": "https:\/\/movie.douban.com\/celebrity\/1040511\/", "avatars": {"small": "https://img3.doubanio.com\/view\/celebrity\/s_ratio_celebrity\/public\/p1392653727.04.webp", "large": "https://img3.doubanio.com\/view\/celebrity\/s_ratio_celebrity\/public\/p1392653727.04.webp", "medium": "https://img3.doubanio.com\/view\/celebrity\/s_ratio_celebrity\/public\/p1392653727.04.webp"}, "name": "\u9a6c\u4fee\u00b7\u9ea6\u5eb7\u7eb3", "id": "1040511"}, {"alt": "https:\/\/movie.douban.com\/celebrity\/1048027\/", "avatars": {"small": "https://img1.doubanio.com\/view\/celebrity\/s_ratio_celebrity\/public\/p10467.webp", "large": "https://img1.doubanio.com\/view\/celebrity\/s_ratio_celebrity\/public\/p10467.webp", "medium": "https://img1.doubanio.com\/view\/celebrity\/s_ratio_celebrity\/public\/p10467.webp"}, "name": "\u5b89\u59ae\u00b7\u6d77\u745f\u8587", "id": "1048027"}, {"alt": "https:\/\/movie.douban.com\/celebrity\/1000225\/", "avatars": {"small": "https://img3.doubanio.com\/view\/celebrity\/s_ratio_celebrity\/public\/p54076.webp", "large": "https://img3.doubanio.com\/view\/celebrity\/s_ratio_celebrity\/public\/p54076.webp", "medium": "https://img3.doubanio.com\/view\/celebrity\/s_ratio_celebrity\/public\/p54076.webp"}, "name": "\u6770\u897f\u5361\u00b7\u67e5\u65af\u5766", "id": "1000225"}], "collect_count": 969903, "original_title": "Interstellar", "subtype": "movie", "directors": [{"alt": "https:\/\/movie.douban.com\/celebrity\/1054524\/", "avatars": {"small": "https://img3.doubanio.com\/view\/celebrity\/s_ratio_celebrity\/public\/p673.webp", "large": "https://img3.doubanio.com\/view\/celebrity\/s_ratio_celebrity\/public\/p673.webp", "medium": "https://img3.doubanio.com\/view\/celebrity\/s_ratio_celebrity\/public\/p673.webp"}, "name": "\u514b\u91cc\u65af\u6258\u5f17\u00b7\u8bfa\u5170", "id": "1054524"}], "year": "2014", "images": {"small": "https://img3.doubanio.com\/view\/photo\/s_ratio_poster\/public\/p2206088801.webp", "large": "https://img3.doubanio.com\/view\/photo\/s_ratio_poster\/public\/p2206088801.webp", "medium": "https://img3.doubanio.com\/view\/photo\/s_ratio_poster\/public\/p2206088801.webp"}, "alt": "https:\/\/movie.douban.com\/subject\/1889243\/", "id": "1889243"}, {"rating": {"max": 10, "average": 9.2, "stars": "45", "min": 0}, "genres": ["\u52a8\u753b", "\u5947\u5e7b", "\u5192\u9669"], "title": "\u9f99\u732b", "casts": [{"alt": "https:\/\/movie.douban.com\/celebrity\/1019382\/", "avatars": {"small": "https://img3.doubanio.com\/view\/celebrity\/s_ratio_celebrity\/public\/p1455201170.02.webp", "large": "https://img3.doubanio.com\/view\/celebrity\/s_ratio_celebrity\/public\/p1455201170.02.webp", "medium": "https://img3.doubanio.com\/view\/celebrity\/s_ratio_celebrity\/public\/p1455201170.02.webp"}, "name": "\u65e5\u9ad8\u6cd5\u5b50", "id": "1019382"}, {"alt": "https:\/\/movie.douban.com\/celebrity\/1025582\/", "avatars": {"small": "https://img1.doubanio.com\/view\/celebrity\/s_ratio_celebrity\/public\/p29537.webp", "large": "https://img1.doubanio.com\/view\/celebrity\/s_ratio_celebrity\/public\/p29537.webp", "medium": "https://img1.doubanio.com\/view\/celebrity\/s_ratio_celebrity\/public\/p29537.webp"}, "name": "\u5742\u672c\u5343\u590f", "id": "1025582"}, {"alt": "https:\/\/movie.douban.com\/celebrity\/1379738\/", "avatars": {"small": "https://img3.doubanio.com\/view\/celebrity\/s_ratio_celebrity\/public\/p1503457262.72.webp", "large": "https://img3.doubanio.com\/view\/celebrity\/s_ratio_celebrity\/public\/p1503457262.72.webp", "medium": "https://img3.doubanio.com\/view\/celebrity\/s_ratio_celebrity\/public\/p1503457262.72.webp"}, "name": "\u7cf8\u4e95\u91cd\u91cc", "id": "1379738"}], "collect_count": 882252, "original_title": "\u3068\u306a\u308a\u306e\u30c8\u30c8\u30ed", "subtype": "movie", "directors": [{"alt": "https:\/\/movie.douban.com\/celebrity\/1054439\/", "avatars": {"small": "https://img3.doubanio.com\/view\/celebrity\/s_ratio_celebrity\/public\/p616.webp", "large": "https://img3.doubanio.com\/view\/celebrity\/s_ratio_celebrity\/public\/p616.webp", "medium": "https://img3.doubanio.com\/view\/celebrity\/s_ratio_celebrity\/public\/p616.webp"}, "name": "\u5bab\u5d0e\u9a8f", "id": "1054439"}], "year": "1988", "images": {"small": "https://img3.doubanio.com\/view\/photo\/s_ratio_poster\/public\/p2540924496.webp", "large": "https://img3.doubanio.com\/view\/photo\/s_ratio_poster\/public\/p2540924496.webp", "medium": "https://img3.doubanio.com\/view\/photo\/s_ratio_poster\/public\/p2540924496.webp"}, "alt": "https:\/\/movie.douban.com\/subject\/1291560\/", "id": "1291560"}, {"rating": {"max": 10, "average": 9.2, "stars": "50", "min": 0}, "genres": ["\u5267\u60c5", "\u72af\u7f6a"], "title": "\u6559\u7236", "casts": [{"alt": "https:\/\/movie.douban.com\/celebrity\/1041025\/", "avatars": {"small": "https://img3.doubanio.com\/view\/celebrity\/s_ratio_celebrity\/public\/p45035.webp", "large": "https://img3.doubanio.com\/view\/celebrity\/s_ratio_celebrity\/public\/p45035.webp", "medium": "https://img3.doubanio.com\/view\/celebrity\/s_ratio_celebrity\/public\/p45035.webp"}, "name": "\u9a6c\u9f99\u00b7\u767d\u5170\u5ea6", "id": "1041025"}, {"alt": "https:\/\/movie.douban.com\/celebrity\/1054451\/", "avatars": {"small": "https://img3.doubanio.com\/view\/celebrity\/s_ratio_celebrity\/public\/p645.webp", "large": "https://img3.doubanio.com\/view\/celebrity\/s_ratio_celebrity\/public\/p645.webp", "medium": "https://img3.doubanio.com\/view\/celebrity\/s_ratio_celebrity\/public\/p645.webp"}, "name": "\u963f\u5c14\u00b7\u5e15\u897f\u8bfa", "id": "1054451"}, {"alt": "https:\/\/movie.douban.com\/celebrity\/1000050\/", "avatars": {"small": "https://img3.doubanio.com\/view\/celebrity\/s_ratio_celebrity\/public\/p53524.webp", "large": "https://img3.doubanio.com\/view\/celebrity\/s_ratio_celebrity\/public\/p53524.webp", "medium": "https://img3.doubanio.com\/view\/celebrity\/s_ratio_celebrity\/public\/p53524.webp"}, "name": "\u8a79\u59c6\u65af\u00b7\u80af\u6069", "id": "1000050"}], "collect_count": 630037, "original_title": "The Godfather", "subtype": "movie", "directors": [{"alt": "https:\/\/movie.douban.com\/celebrity\/1054419\/", "avatars": {"small": "https://img3.doubanio.com\/view\/celebrity\/s_ratio_celebrity\/public\/p592.webp", "large": "https://img3.doubanio.com\/view\/celebrity\/s_ratio_celebrity\/public\/p592.webp", "medium": "https://img3.doubanio.com\/view\/celebrity\/s_ratio_celebrity\/public\/p592.webp"}, "name": "\u5f17\u6717\u897f\u65af\u00b7\u798f\u7279\u00b7\u79d1\u6ce2\u62c9", "id": "1054419"}], "year": "1972", "images": {"small": "https://img3.doubanio.com\/view\/photo\/s_ratio_poster\/public\/p1853232210.webp", "large": "https://img3.doubanio.com\/view\/photo\/s_ratio_poster\/public\/p1853232210.webp", "medium": "https://img3.doubanio.com\/view\/photo\/s_ratio_poster\/public\/p1853232210.webp"}, "alt": "https:\/\/movie.douban.com\/subject\/1291841\/", "id": "1291841"}, {"rating": {"max": 10, "average": 9.3, "stars": "50", "min": 0}, "genres": ["\u5267\u60c5"], "title": "\u7194\u7089", "casts": [{"alt": "https:\/\/movie.douban.com\/celebrity\/1011009\/", "avatars": {"small": "https://img3.doubanio.com\/view\/celebrity\/s_ratio_celebrity\/public\/p55195.webp", "large": "https://img3.doubanio.com\/view\/celebrity\/s_ratio_celebrity\/public\/p55195.webp", "medium": "https://img3.doubanio.com\/view\/celebrity\/s_ratio_celebrity\/public\/p55195.webp"}, "name": "\u5b54\u4f91", "id": "1011009"}, {"alt": "https:\/\/movie.douban.com\/celebrity\/1276062\/", "avatars": {"small": "https://img1.doubanio.com\/view\/celebrity\/s_ratio_celebrity\/public\/p1409765749.47.webp", "large": "https://img1.doubanio.com\/view\/celebrity\/s_ratio_celebrity\/public\/p1409765749.47.webp", "medium": "https://img1.doubanio.com\/view\/celebrity\/s_ratio_celebrity\/public\/p1409765749.47.webp"}, "name": "\u90d1\u6709\u7f8e", "id": "1276062"}, {"alt": "https:\/\/movie.douban.com\/celebrity\/1331104\/", "avatars": {"small": "https://img3.doubanio.com\/view\/celebrity\/s_ratio_celebrity\/public\/p1393488191.45.webp", "large": "https://img3.doubanio.com\/view\/celebrity\/s_ratio_celebrity\/public\/p1393488191.45.webp", "medium": "https://img3.doubanio.com\/view\/celebrity\/s_ratio_celebrity\/public\/p1393488191.45.webp"}, "name": "\u91d1\u5fd7\u6620", "id": "1331104"}], "collect_count": 525191, "original_title": "\ub3c4\uac00\ub2c8", "subtype": "movie", "directors": [{"alt": "https:\/\/movie.douban.com\/celebrity\/1317274\/", "avatars": {"small": "https://img1.doubanio.com\/view\/celebrity\/s_ratio_celebrity\/public\/p52558.webp", "large": "https://img1.doubanio.com\/view\/celebrity\/s_ratio_celebrity\/public\/p52558.webp", "medium": "https://img1.doubanio.com\/view\/celebrity\/s_ratio_celebrity\/public\/p52558.webp"}, "name": "\u9ec4\u4e1c\u8d6b", "id": "1317274"}], "year": "2011", "images": {"small": "https://img3.doubanio.com\/view\/photo\/s_ratio_poster\/public\/p1363250216.webp", "large": "https://img3.doubanio.com\/view\/photo\/s_ratio_poster\/public\/p1363250216.webp", "medium": "https://img3.doubanio.com\/view\/photo\/s_ratio_poster\/public\/p1363250216.webp"}, "alt": "https:\/\/movie.douban.com\/subject\/5912992\/", "id": "5912992"}], "title": "\u8c46\u74e3\u7535\u5f71Top250"}