{"subjects": [{"subject": {"rating": {"max": 10, "average": 8.6, "details": {"1": 259.0, "3": 6269.0, "2": 518.0, "5": 27310.0, "4": 26919.0}, "stars": "45", "min": 0}, "genres": ["\u5267\u60c5", "\u559c\u5267", "\u540c\u6027"], "title": "\u8c01\u5148\u7231\u4e0a\u4ed6\u7684", "casts": [{"avatars": {"small": "https://img3.doubanio.com\/view\/celebrity\/s_ratio_celebrity\/public\/p1371176283.85.webp", "large": "https://img3.doubanio.com\/view\/celebrity\/s_ratio_celebrity\/public\/p1371176283.85.webp", "medium": "https://img3.doubanio.com\/view\/celebrity\/s_ratio_celebrity\/public\/p1371176283.85.webp"}, "name_en": "Roy Chiu", "name": "\u90b1\u6cfd", "alt": "https:\/\/movie.douban.com\/celebrity\/1266497\/", "id": "1266497"}, {"avatars": {"small": "https://img3.doubanio.com\/view\/celebrity\/s_ratio_celebrity\/public\/p1469842110.75.webp", "large": "https://img3.doubanio.com\/view\/celebrity\/s_ratio_celebrity\/public\/p1469842110.75.webp", "medium": "https://img3.doubanio.com\/view\/celebrity\/s_ratio_celebrity\/public\/p1469842110.75.webp"}, "name_en": "Ying-Hsuan Hsieh", "name": "\u8c22\u76c8\u8431", "alt": "https:\/\/movie.douban.com\/celebrity\/1360505\/", "id": "1360505"}, {"avatars": {"small": "https://img3.doubanio.com\/view\/celebrity\/s_ratio_celebrity\/public\/pcCH7xVGmMHIcel_avatar_uploaded1503809835.83.webp", "large": "https://img3.doubanio.com\/view\/celebrity\/s_ratio_celebrity\/public\/pcCH7xVGmMHIcel_avatar_uploaded1503809835.83.webp", "medium": "https://img3.doubanio.com\/view\/celebrity\/s_ratio_celebrity\/public\/pcCH7xVGmMHIcel_avatar_uploaded1503809835.83.webp"}, "name_en": "Spark Chen", "name": "\u9648\u5982\u5c71", "alt": "https:\/\/movie.douban.com\/celebrity\/1380032\/", "id": "1380032"}], "durations": ["100\u5206\u949f"], "collect_count": 81554, "mainland_pubdate": "", "has_video": false, "original_title": "\u8ab0\u5148\u611b\u4e0a\u4ed6\u7684", "subtype": "movie", "directors": [{"avatars": {"small": "https://img3.doubanio.com\/view\/celebrity\/s_ratio_celebrity\/public\/p37044.webp", "large": "https://img3.doubanio.com\/view\/celebrity\/s_ratio_celebrity\/public\/p37044.webp", "medium": "https://img3.doubanio.com\/view\/celebrity\/s_ratio_celebrity\/public\/p37044.webp"}, "name_en": "Mag Hsu", "name": "\u5f90\u8a89\u5ead", "alt": "https:\/\/movie.douban.com\/celebrity\/1316646\/", "id": "1316646"}, {"avatars": {"small": "https://img3.doubanio.com\/view\/celebrity\/s_ratio_celebrity\/public\/p1538396366.36.webp", "large": "https://img3.doubanio.com\/view\/celebrity\/s_ratio_celebrity\/public\/p1538396366.36.webp", "medium": "https://img3.doubanio.com\/view\/celebrity\/s_ratio_celebrity\/public\/p1538396366.36.webp"}, "name_en": "Chih-Yen Hsu", "name": "\u8bb8\u667a\u5f66", "alt": "https:\/\/movie.douban.com\/celebrity\/1395674\/", "id": "1395674"}], "pubdates": ["2018-04-22(\u4e4c\u8fea\u5185\u8fdc\u4e1c\u7535\u5f71\u8282)", "2018-11-02(\u53f0\u6e7e)"], "year": "2018", "images": {"small": "https://img3.doubanio.com\/view\/photo\/s_ratio_poster\/public\/p2546961193.webp", "large": "https://img3.doubanio.com\/view\/photo\/s_ratio_poster\/public\/p2546961193.webp", "medium": "https://img3.doubanio.com\/view\/photo\/s_ratio_poster\/public\/p2546961193.webp"}, "alt": "https:\/\/movie.douban.com\/subject\/27119586\/", "id": "27119586"}, "rank": 1, "delta": 10}, {"subject": {"rating": {"max": 10, "average": 8.8, "details": {"1": 164.0, "3": 5541.0, "2": 674.0, "5": 29164.0, "4": 19289.0}, "stars": "45", "min": 0}, "genres": ["\u5267\u60c5", "\u4f20\u8bb0", "\u97f3\u4e50"], "title": "\u6ce2\u897f\u7c73\u4e9a\u72c2\u60f3\u66f2", "casts": [{"avatars": {"small": "https://img3.doubanio.com\/view\/celebrity\/s_ratio_celebrity\/public\/p1860.webp", "large": "https://img3.doubanio.com\/view\/celebrity\/s_ratio_celebrity\/public\/p1860.webp", "medium": "https://img3.doubanio.com\/view\/celebrity\/s_ratio_celebrity\/public\/p1860.webp"}, "name_en": "Rami Malek", "name": "\u62c9\u7c73\u00b7\u9a6c\u96f7\u514b", "alt": "https:\/\/movie.douban.com\/celebrity\/1044903\/", "id": "1044903"}, {"avatars": {"small": "https://img3.doubanio.com\/view\/celebrity\/s_ratio_celebrity\/public\/p1548177691.13.webp", "large": "https://img3.doubanio.com\/view\/celebrity\/s_ratio_celebrity\/public\/p1548177691.13.webp", "medium": "https://img3.doubanio.com\/view\/celebrity\/s_ratio_celebrity\/public\/p1548177691.13.webp"}, "name_en": "Ben Hardy", "name": "\u672c\u00b7\u54c8\u8fea", "alt": "https:\/\/movie.douban.com\/celebrity\/1344763\/", "id": "1344763"}, {"avatars": {"small": "https://img3.doubanio.com\/view\/celebrity\/s_ratio_celebrity\/public\/p13772.webp", "large": "https://img3.doubanio.com\/view\/celebrity\/s_ratio_celebrity\/public\/p13772.webp", "medium": "https://img3.doubanio.com\/view\/celebrity\/s_ratio_celebrity\/public\/p13772.webp"}, "name_en": "Joseph Mazzello", "name": "\u7ea6\u745f\u592b\u00b7\u6885\u6cfd\u7f57", "alt": "https:\/\/movie.douban.com\/celebrity\/1049517\/", "id": "1049517"}], "durations": ["135\u5206\u949f"], "collect_count": 72299, "mainland_pubdate": "", "has_video": false, "original_title": "Bohemian Rhapsody", "subtype": "movie", "directors": [{"avatars": {"small": "https://img3.doubanio.com\/view\/celebrity\/s_ratio_celebrity\/public\/p1403264395.93.webp", "large": "https://img3.doubanio.com\/view\/celebrity\/s_ratio_celebrity\/public\/p1403264395.93.webp", "medium": "https://img3.doubanio.com\/view\/celebrity\/s_ratio_celebrity\/public\/p1403264395.93.webp"}, "name_en": "Bryan Singer", "name": "\u5e03\u83b1\u6069\u00b7\u8f9b\u683c", "alt": "https:\/\/movie.douban.com\/celebrity\/1049586\/", "id": "1049586"}], "pubdates": ["2018-11-02(\u7f8e\u56fd)"], "year": "2018", "images": {"small": "https://img3.doubanio.com\/view\/photo\/s_ratio_poster\/public\/p2522138824.webp", "large": "https://img3.doubanio.com\/view\/photo\/s_ratio_poster\/public\/p2522138824.webp", "medium": "https://img3.doubanio.com\/view\/photo\/s_ratio_poster\/public\/p2522138824.webp"}, "alt": "https:\/\/movie.douban.com\/subject\/5300054\/", "id": "5300054"}, "rank": 2, "delta": -1}, {"subject": {"rating": {"max": 10, "average": 8.9, "details": {"1": 11.0, "3": 699.0, "2": 42.0, "5": 4717.0, "4": 3687.0}, "stars": "45", "min": 0}, "genres": ["\u5267\u60c5", "\u559c\u5267", "\u4f20\u8bb0"], "title": "\u7eff\u76ae\u4e66", "casts": [{"avatars": {"small": "https://img3.doubanio.com\/view\/celebrity\/s_ratio_celebrity\/public\/p29922.webp", "large": "https://img3.doubanio.com\/view\/celebrity\/s_ratio_celebrity\/public\/p29922.webp", "medium": "https://img3.doubanio.com\/view\/celebrity\/s_ratio_celebrity\/public\/p29922.webp"}, "name_en": "Viggo Mortensen", "name": "\u7ef4\u679c\u00b7\u83ab\u817e\u68ee", "alt": "https:\/\/movie.douban.com\/celebrity\/1054520\/", "id": "1054520"}, {"avatars": {"small": "https://img3.doubanio.com\/view\/celebrity\/s_ratio_celebrity\/public\/p1488440651.5.webp", "large": "https://img3.doubanio.com\/view\/celebrity\/s_ratio_celebrity\/public\/p1488440651.5.webp", "medium": "https://img3.doubanio.com\/view\/celebrity\/s_ratio_celebrity\/public\/p1488440651.5.webp"}, "name_en": "Mahershala Ali", "name": "\u9a6c\u8d6b\u6c99\u62c9\u00b7\u963f\u91cc", "alt": "https:\/\/movie.douban.com\/celebrity\/1004702\/", "id": "1004702"}, {"avatars": {"small": "https://img3.doubanio.com\/view\/celebrity\/s_ratio_celebrity\/public\/p1405786644.35.webp", "large": "https://img3.doubanio.com\/view\/celebrity\/s_ratio_celebrity\/public\/p1405786644.35.webp", "medium": "https://img3.doubanio.com\/view\/celebrity\/s_ratio_celebrity\/public\/p1405786644.35.webp"}, "name_en": "Linda Cardellini", "name": "\u7433\u8fbe\u00b7\u5361\u5fb7\u91cc\u5c3c", "alt": "https:\/\/movie.douban.com\/celebrity\/1010545\/", "id": "1010545"}], "durations": ["130\u5206\u949f"], "collect_count": 51525, "mainland_pubdate": "2019-03-01", "has_video": false, "original_title": "Green Book", "subtype": "movie", "directors": [{"avatars": {"small": "https://img3.doubanio.com\/view\/celebrity\/s_ratio_celebrity\/public\/p29610.webp", "large": "https://img3.doubanio.com\/view\/celebrity\/s_ratio_celebrity\/public\/p29610.webp", "medium": "https://img3.doubanio.com\/view\/celebrity\/s_ratio_celebrity\/public\/p29610.webp"}, "name_en": "Peter Farrelly", "name": "\u5f7c\u5f97\u00b7\u6cd5\u96f7\u91cc", "alt": "https:\/\/movie.douban.com\/celebrity\/1036662\/", "id": "1036662"}], "pubdates": ["2018-09-11(\u591a\u4f26\u591a\u7535\u5f71\u8282)", "2018-11-21(\u7f8e\u56fd)", "2019-03-01(\u4e2d\u56fd\u5927\u9646)"], "year": "2018", "images": {"small": "https://img1.doubanio.com\/view\/photo\/s_ratio_poster\/public\/p2546159617.webp", "large": "https://img1.doubanio.com\/view\/photo\/s_ratio_poster\/public\/p2546159617.webp", "medium": "https://img1.doubanio.com\/view\/photo\/s_ratio_poster\/public\/p2546159617.webp"}, "alt": "https:\/\/movie.douban.com\/subject\/27060077\/", "id": "27060077"}, "rank": 3, "delta": 8}, {"subject": {"rating": {"max": 10, "average": 8.7, "details": {"1": 100.0, "3": 3103.0, "2": 295.0, "5": 13848.0, "4": 12743.0}, "stars": "45", "min": 0}, "genres": ["\u559c\u5267", "\u72af\u7f6a", "\u60ca\u609a"], "title": "\u8c03\u7434\u5e08", "casts": [{"avatars": {"small": "https://img1.doubanio.com\/view\/celebrity\/s_ratio_celebrity\/public\/p1549016715.18.webp", "large": "https://img1.doubanio.com\/view\/celebrity\/s_ratio_celebrity\/public\/p1549016715.18.webp", "medium": "https://img1.doubanio.com\/view\/celebrity\/s_ratio_celebrity\/public\/p1549016715.18.webp"}, "name_en": "Ayushmann Khurrana", "name": "\u963f\u5c24\u65af\u66fc\u00b7\u5e93\u62c9\u7eb3", "alt": "https:\/\/movie.douban.com\/celebrity\/1327903\/", "id": "1327903"}, {"avatars": {"small": "https://img3.doubanio.com\/view\/celebrity\/s_ratio_celebrity\/public\/p1475469381.11.webp", "large": "https://img3.doubanio.com\/view\/celebrity\/s_ratio_celebrity\/public\/p1475469381.11.webp", "medium": "https://img3.doubanio.com\/view\/celebrity\/s_ratio_celebrity\/public\/p1475469381.11.webp"}, "name_en": "Tabu", "name": "\u5854\u5e03", "alt": "https:\/\/movie.douban.com\/celebrity\/1040796\/", "id": "1040796"}, {"avatars": {"small": "https://img1.doubanio.com\/view\/celebrity\/s_ratio_celebrity\/public\/p1546713472.39.webp", "large": "https://img1.doubanio.com\/view\/celebrity\/s_ratio_celebrity\/public\/p1546713472.39.webp", "medium": "https://img1.doubanio.com\/view\/celebrity\/s_ratio_celebrity\/public\/p1546713472.39.webp"}, "name_en": "Radhika Apte", "name": "\u62c9\u8fea\u5361\u00b7\u827e\u666e\u7279", "alt": "https:\/\/movie.douban.com\/celebrity\/1329473\/", "id": "1329473"}], "durations": ["139\u5206\u949f"], "collect_count": 38651, "mainland_pubdate": "", "has_video": false, "original_title": "Andhadhun", "subtype": "movie", "directors": [{"avatars": {"small": "https://img3.doubanio.com\/view\/celebrity\/s_ratio_celebrity\/public\/p1545725463.81.webp", "large": "https://img3.doubanio.com\/view\/celebrity\/s_ratio_celebrity\/public\/p1545725463.81.webp", "medium": "https://img3.doubanio.com\/view\/celebrity\/s_ratio_celebrity\/public\/p1545725463.81.webp"}, "name_en": "Sriram Raghavan", "name": "\u65af\u91cc\u5170\u59c6\u00b7\u62c9\u683c\u4e07", "alt": "https:\/\/movie.douban.com\/celebrity\/1306786\/", "id": "1306786"}], "pubdates": ["2018-10-05(\u5370\u5ea6)"], "year": "2018", "images": {"small": "https://img3.doubanio.com\/view\/photo\/s_ratio_poster\/public\/p2544158271.webp", "large": "https://img3.doubanio.com\/view\/photo\/s_ratio_poster\/public\/p2544158271.webp", "medium": "https://img3.doubanio.com\/view\/photo\/s_ratio_poster\/public\/p2544158271.webp"}, "alt": "https:\/\/movie.douban.com\/subject\/30334073\/", "id": "30334073"}, "rank": 4, "delta": 7}, {"subject": {"rating": {"max": 10, "average": 7.9, "details": {"1": 1956.0, "3": 18408.0, "2": 3862.0, "5": 25995.0, "4": 32828.0}, "stars": "40", "min": 0}, "genres": ["\u79d1\u5e7b", "\u707e\u96be"], "title": "\u6d41\u6d6a\u5730\u7403", "casts": [{"avatars": {"small": "https://img3.doubanio.com\/view\/celebrity\/s_ratio_celebrity\/public\/p1533348792.03.webp", "large": "https://img3.doubanio.com\/view\/celebrity\/s_ratio_celebrity\/public\/p1533348792.03.webp", "medium": "https://img3.doubanio.com\/view\/celebrity\/s_ratio_celebrity\/public\/p1533348792.03.webp"}, "name_en": "Chuxiao Qu", "name": "\u5c48\u695a\u8427", "alt": "https:\/\/movie.douban.com\/celebrity\/1359081\/", "id": "1359081"}, {"avatars": {"small": "https://img3.doubanio.com\/view\/celebrity\/s_ratio_celebrity\/public\/p1501738155.24.webp", "large": "https://img3.doubanio.com\/view\/celebrity\/s_ratio_celebrity\/public\/p1501738155.24.webp", "medium": "https://img3.doubanio.com\/view\/celebrity\/s_ratio_celebrity\/public\/p1501738155.24.webp"}, "name_en": "Jing Wu", "name": "\u5434\u4eac", "alt": "https:\/\/movie.douban.com\/celebrity\/1000525\/", "id": "1000525"}, {"avatars": {"small": "https://img3.doubanio.com\/view\/celebrity\/s_ratio_celebrity\/public\/p1540619056.43.webp", "large": "https://img3.doubanio.com\/view\/celebrity\/s_ratio_celebrity\/public\/p1540619056.43.webp", "medium": "https://img3.doubanio.com\/view\/celebrity\/s_ratio_celebrity\/public\/p1540619056.43.webp"}, "name_en": "Guangjie Li", "name": "\u674e\u5149\u6d01", "alt": "https:\/\/movie.douban.com\/celebrity\/1275178\/", "id": "1275178"}], "durations": ["125\u5206\u949f"], "collect_count": 944772, "mainland_pubdate": "2019-02-05", "has_video": false, "original_title": "\u6d41\u6d6a\u5730\u7403", "subtype": "movie", "directors": [{"avatars": {"small": "https://img3.doubanio.com\/view\/celebrity\/s_ratio_celebrity\/public\/p1536678787.83.webp", "large": "https://img3.doubanio.com\/view\/celebrity\/s_ratio_celebrity\/public\/p1536678787.83.webp", "medium": "https://img3.doubanio.com\/view\/celebrity\/s_ratio_celebrity\/public\/p1536678787.83.webp"}, "name_en": "Frant Gwo", "name": "\u90ed\u5e06", "alt": "https:\/\/movie.douban.com\/celebrity\/1276086\/", "id": "1276086"}], "pubdates": ["2019-02-05(\u4e2d\u56fd\u5927\u9646)"], "year": "2019", "images": {"small": "https://img3.doubanio.com\/view\/photo\/s_ratio_poster\/public\/p2545472803.webp", "large": "https://img3.doubanio.com\/view\/photo\/s_ratio_poster\/public\/p2545472803.webp", "medium": "https://img3.doubanio.com\/view\/photo\/s_ratio_poster\/public\/p2545472803.webp"}, "alt": "https:\/\/movie.douban.com\/subject\/26266893\/", "id": "26266893"}, "rank": 5, "delta": 6}, {"subject": {"rating": {"max": 10, "average": 8.3, "details": {"1": 72.0, "3": 1610.0, "2": 200.0, "5": 3642.0, "4": 4442.0}, "stars": "45", "min": 0}, "genres": ["\u5267\u60c5", "\u6218\u4e89", "\u6b4c\u821e"], "title": "\u6447\u6446\u72c2\u6f6e", "casts": [{"avatars": {"small": "https://img1.doubanio.com\/view\/celebrity\/s_ratio_celebrity\/public\/p1419347050.98.webp", "large": "https://img1.doubanio.com\/view\/celebrity\/s_ratio_celebrity\/public\/p1419347050.98.webp", "medium": "https://img1.doubanio.com\/view\/celebrity\/s_ratio_celebrity\/public\/p1419347050.98.webp"}, "name_en": "Kyung-soo Doh", "name": "\u90fd\u66bb\u79c0", "alt": "https:\/\/movie.douban.com\/celebrity\/1336965\/", "id": "1336965"}, {"avatars": {"small": "https://img3.doubanio.com\/view\/celebrity\/s_ratio_celebrity\/public\/p1482215524.04.webp", "large": "https://img3.doubanio.com\/view\/celebrity\/s_ratio_celebrity\/public\/p1482215524.04.webp", "medium": "https://img3.doubanio.com\/view\/celebrity\/s_ratio_celebrity\/public\/p1482215524.04.webp"}, "name_en": "Hye-soo Park", "name": "\u6734\u6167\u79c0", "alt": "https:\/\/movie.douban.com\/celebrity\/1360331\/", "id": "1360331"}, {"avatars": {"small": "https://img3.doubanio.com\/view\/celebrity\/s_ratio_celebrity\/public\/p1366462763.02.webp", "large": "https://img3.doubanio.com\/view\/celebrity\/s_ratio_celebrity\/public\/p1366462763.02.webp", "medium": "https://img3.doubanio.com\/view\/celebrity\/s_ratio_celebrity\/public\/p1366462763.02.webp"}, "name_en": "Jeong-se Oh", "name": "\u5434\u653f\u4e16", "alt": "https:\/\/movie.douban.com\/celebrity\/1326212\/", "id": "1326212"}], "durations": ["133\u5206\u949f"], "collect_count": 13622, "mainland_pubdate": "", "has_video": false, "original_title": "\uc2a4\uc719\ud0a4\uc988", "subtype": "movie", "directors": [{"avatars": {"small": "https://img1.doubanio.com\/view\/celebrity\/s_ratio_celebrity\/public\/p34358.webp", "large": "https://img1.doubanio.com\/view\/celebrity\/s_ratio_celebrity\/public\/p34358.webp", "medium": "https://img1.doubanio.com\/view\/celebrity\/s_ratio_celebrity\/public\/p34358.webp"}, "name_en": "Hyeong-Cheol Kang", "name": "\u59dc\u70af\u54f2", "alt": "https:\/\/movie.douban.com\/celebrity\/1315887\/", "id": "1315887"}], "pubdates": ["2018-12-19(\u97e9\u56fd)"], "year": "2018", "images": {"small": "https://img1.doubanio.com\/view\/photo\/s_ratio_poster\/public\/p2545836537.webp", "large": "https://img1.doubanio.com\/view\/photo\/s_ratio_poster\/public\/p2545836537.webp", "medium": "https://img1.doubanio.com\/view\/photo\/s_ratio_poster\/public\/p2545836537.webp"}, "alt": "https:\/\/movie.douban.com\/subject\/27042467\/", "id": "27042467"}, "rank": 6, "delta": -3}, {"subject": {"rating": {"max": 10, "average": 8.2, "details": {"1": 26.0, "3": 585.0, "2": 29.0, "5": 1066.0, "4": 2303.0}, "stars": "40", "min": 0}, "genres": ["\u5267\u60c5", "\u540c\u6027"], "title": "\u5973\u5b69", "casts": [{"avatars": {"small": "https://img3.doubanio.com\/view\/celebrity\/s_ratio_celebrity\/public\/p1526367800.3.webp", "large": "https://img3.doubanio.com\/view\/celebrity\/s_ratio_celebrity\/public\/p1526367800.3.webp", "medium": "https://img3.doubanio.com\/view\/celebrity\/s_ratio_celebrity\/public\/p1526367800.3.webp"}, "name_en": "Victor Polster", "name": "\u7ef4\u514b\u6258\u00b7\u6ce2\u5c14\u65af\u7279", "alt": "https:\/\/movie.douban.com\/celebrity\/1392907\/", "id": "1392907"}, {"avatars": {"small": "https://img3.doubanio.com\/view\/celebrity\/s_ratio_celebrity\/public\/p1500530606.06.webp", "large": "https://img3.doubanio.com\/view\/celebrity\/s_ratio_celebrity\/public\/p1500530606.06.webp", "medium": "https://img3.doubanio.com\/view\/celebrity\/s_ratio_celebrity\/public\/p1500530606.06.webp"}, "name_en": "Arieh Worthalter", "name": "\u963f\u91cc\u8036\u00b7\u6c83\u7d22\u5c14\u7279", "alt": "https:\/\/movie.douban.com\/celebrity\/1377672\/", "id": "1377672"}, {"avatars": {"small": "https://img1.doubanio.com\/f\/movie\/ca527386eb8c4e325611e22dfcb04cc116d6b423\/pics\/movie\/celebrity-default-small.png", "large": "https://img3.doubanio.com\/f\/movie\/63acc16ca6309ef191f0378faf793d1096a3e606\/pics\/movie\/celebrity-default-large.png", "medium": "https://img1.doubanio.com\/f\/movie\/8dd0c794499fe925ae2ae89ee30cd225750457b4\/pics\/movie\/celebrity-default-medium.png"}, "name_en": "Oliver Bodart", "name": "\u5965\u5229\u5f17\u00b7\u535a\u8fbe\u7279", "alt": "https:\/\/movie.douban.com\/celebrity\/1410298\/", "id": "1410298"}], "durations": ["105\u5206\u949f"], "collect_count": 5563, "mainland_pubdate": "", "has_video": false, "original_title": "Girl", "subtype": "movie", "directors": [{"avatars": {"small": "https://img3.doubanio.com\/view\/celebrity\/s_ratio_celebrity\/public\/pN1Jca1R_ovAcel_avatar_uploaded1523544436.04.webp", "large": "https://img3.doubanio.com\/view\/celebrity\/s_ratio_celebrity\/public\/pN1Jca1R_ovAcel_avatar_uploaded1523544436.04.webp", "medium": "https://img3.doubanio.com\/view\/celebrity\/s_ratio_celebrity\/public\/pN1Jca1R_ovAcel_avatar_uploaded1523544436.04.webp"}, "name_en": "Lukas Dhont", "name": "\u5362\u5361\u65af\u00b7\u5fb7\u970d\u7279", "alt": "https:\/\/movie.douban.com\/celebrity\/1391556\/", "id": "1391556"}], "pubdates": ["2018-05-12(\u621b\u7eb3\u7535\u5f71\u8282)", "2018-11-01(\u8377\u5170)"], "year": "2018", "images": {"small": "https://img3.doubanio.com\/view\/photo\/s_ratio_poster\/public\/p2519456723.webp", "large": "https://img3.doubanio.com\/view\/photo\/s_ratio_poster\/public\/p2519456723.webp", "medium": "https://img3.doubanio.com\/view\/photo\/s_ratio_poster\/public\/p2519456723.webp"}, "alt": "https:\/\/movie.douban.com\/subject\/30194769\/", "id": "30194769"}, "rank": 7, "delta": -5}, {"subject": {"rating": {"max": 10, "average": 7.9, "details": {"1": 133.0, "3": 5159.0, "2": 647.0, "5": 6186.0, "4": 10349.0}, "stars": "40", "min": 0}, "genres": ["\u7231\u60c5", "\u52a8\u753b", "\u5947\u5e7b"], "title": "\u767d\u86c7\uff1a\u7f18\u8d77", "casts": [{"avatars": {"small": "https://img3.doubanio.com\/view\/celebrity\/s_ratio_celebrity\/public\/p1547612579.3.webp", "large": "https://img3.doubanio.com\/view\/celebrity\/s_ratio_celebrity\/public\/p1547612579.3.webp", "medium": "https://img3.doubanio.com\/view\/celebrity\/s_ratio_celebrity\/public\/p1547612579.3.webp"}, "name_en": "Zhe Zhang", "name": "\u5f20\u5586", "alt": "https:\/\/movie.douban.com\/celebrity\/1389748\/", "id": "1389748"}, {"avatars": {"small": "https://img3.doubanio.com\/view\/celebrity\/s_ratio_celebrity\/public\/p1547612653.46.webp", "large": "https://img3.doubanio.com\/view\/celebrity\/s_ratio_celebrity\/public\/p1547612653.46.webp", "medium": "https://img3.doubanio.com\/view\/celebrity\/s_ratio_celebrity\/public\/p1547612653.46.webp"}, "name_en": "Tianxiang Yang", "name": "\u6768\u5929\u7fd4", "alt": "https:\/\/movie.douban.com\/celebrity\/1341265\/", "id": "1341265"}, {"avatars": {"small": "https://img3.doubanio.com\/view\/celebrity\/s_ratio_celebrity\/public\/p1547612764.72.webp", "large": "https://img3.doubanio.com\/view\/celebrity\/s_ratio_celebrity\/public\/p1547612764.72.webp", "medium": "https://img3.doubanio.com\/view\/celebrity\/s_ratio_celebrity\/public\/p1547612764.72.webp"}, "name_en": "Xiaoxi Tang", "name": "\u5510\u5c0f\u559c", "alt": "https:\/\/movie.douban.com\/celebrity\/1340810\/", "id": "1340810"}], "durations": ["99\u5206\u949f"], "collect_count": 220738, "mainland_pubdate": "2019-01-11", "has_video": false, "original_title": "\u767d\u86c7\uff1a\u7f18\u8d77", "subtype": "movie", "directors": [{"avatars": {"small": "https://img1.doubanio.com\/view\/celebrity\/s_ratio_celebrity\/public\/p1547187379.37.webp", "large": "https://img1.doubanio.com\/view\/celebrity\/s_ratio_celebrity\/public\/p1547187379.37.webp", "medium": "https://img1.doubanio.com\/view\/celebrity\/s_ratio_celebrity\/public\/p1547187379.37.webp"}, "name_en": "Amp Wong", "name": "\u9ec4\u5bb6\u5eb7", "alt": "https:\/\/movie.douban.com\/celebrity\/1401171\/", "id": "1401171"}, {"avatars": {"small": "https://img3.doubanio.com\/view\/celebrity\/s_ratio_celebrity\/public\/p1537807088.34.webp", "large": "https://img3.doubanio.com\/view\/celebrity\/s_ratio_celebrity\/public\/p1537807088.34.webp", "medium": "https://img3.doubanio.com\/view\/celebrity\/s_ratio_celebrity\/public\/p1537807088.34.webp"}, "name_en": "Ji Zhao", "name": "\u8d75\u9701", "alt": "https:\/\/movie.douban.com\/celebrity\/1401175\/", "id": "1401175"}], "pubdates": ["2019-01-11(\u4e2d\u56fd\u5927\u9646)"], "year": "2019", "images": {"small": "https://img3.doubanio.com\/view\/photo\/s_ratio_poster\/public\/p2544313786.webp", "large": "https://img3.doubanio.com\/view\/photo\/s_ratio_poster\/public\/p2544313786.webp", "medium": "https://img3.doubanio.com\/view\/photo\/s_ratio_poster\/public\/p2544313786.webp"}, "alt": "https:\/\/movie.douban.com\/subject\/30331149\/", "id": "30331149"}, "rank": 8, "delta": 3}, {"subject": {"rating": {"max": 10, "average": 8.3, "details": {"1": 33.0, "3": 351.0, "2": 68.0, "5": 859.0, "4": 640.0}, "stars": "45", "min": 0}, "genres": ["\u52a8\u753b"], "title": "\u9f99\u73e0\u8d85\uff1a\u5e03\u7f57\u5229", "casts": [{"avatars": {"small": "https://img3.doubanio.com\/view\/celebrity\/s_ratio_celebrity\/public\/p26240.webp", "large": "https://img3.doubanio.com\/view\/celebrity\/s_ratio_celebrity\/public\/p26240.webp", "medium": "https://img3.doubanio.com\/view\/celebrity\/s_ratio_celebrity\/public\/p26240.webp"}, "name_en": "Masako Nozawa", "name": "\u91ce\u6cfd\u96c5\u5b50", "alt": "https:\/\/movie.douban.com\/celebrity\/1041488\/", "id": "1041488"}, {"avatars": {"small": "https://img3.doubanio.com\/view\/celebrity\/s_ratio_celebrity\/public\/p9676.webp", "large": "https://img3.doubanio.com\/view\/celebrity\/s_ratio_celebrity\/public\/p9676.webp", "medium": "https://img3.doubanio.com\/view\/celebrity\/s_ratio_celebrity\/public\/p9676.webp"}, "name_en": "Ry\u00f4 Horikawa", "name": "\u5800\u5ddd\u4eae", "alt": "https:\/\/movie.douban.com\/celebrity\/1008133\/", "id": "1008133"}, {"avatars": {"small": "https://img3.doubanio.com\/view\/celebrity\/s_ratio_celebrity\/public\/p32892.webp", "large": "https://img3.doubanio.com\/view\/celebrity\/s_ratio_celebrity\/public\/p32892.webp", "medium": "https://img3.doubanio.com\/view\/celebrity\/s_ratio_celebrity\/public\/p32892.webp"}, "name_en": "Ry\u00fbsei Nakao", "name": "\u4e2d\u5c3e\u9686\u5723", "alt": "https:\/\/movie.douban.com\/celebrity\/1008254\/", "id": "1008254"}], "durations": ["120\u5206\u949f"], "collect_count": 2854, "mainland_pubdate": "", "has_video": false, "original_title": "\u30c9\u30e9\u30b4\u30f3\u30dc\u30fc\u30eb\u8d85 \u30d6\u30ed\u30ea\u30fc", "subtype": "movie", "directors": [{"avatars": {"small": "https://img3.doubanio.com\/view\/celebrity\/s_ratio_celebrity\/public\/p1506337656.05.webp", "large": "https://img3.doubanio.com\/view\/celebrity\/s_ratio_celebrity\/public\/p1506337656.05.webp", "medium": "https://img3.doubanio.com\/view\/celebrity\/s_ratio_celebrity\/public\/p1506337656.05.webp"}, "name_en": "Tatsuya Nagamine", "name": "\u957f\u5cf0\u8fbe\u4e5f", "alt": "https:\/\/movie.douban.com\/celebrity\/1324215\/", "id": "1324215"}], "pubdates": ["2018-12-14(\u65e5\u672c)"], "year": "2018", "images": {"small": "https://img3.doubanio.com\/view\/photo\/s_ratio_poster\/public\/p2527593016.webp", "large": "https://img3.doubanio.com\/view\/photo\/s_ratio_poster\/public\/p2527593016.webp", "medium": "https://img3.doubanio.com\/view\/photo\/s_ratio_poster\/public\/p2527593016.webp"}, "alt": "https:\/\/movie.douban.com\/subject\/27607378\/", "id": "27607378"}, "rank": 9, "delta": 2}, {"subject": {"rating": {"max": 10, "average": 7.9, "details": {"1": 12.0, "3": 322.0, "2": 42.0, "5": 399.0, "4": 592.0}, "stars": "40", "min": 0}, "genres": ["\u52a8\u753b"], "title": "\u4f01\u9e45\u9ad8\u901f\u516c\u8def", "casts": [{"avatars": {"small": "https://img3.doubanio.com\/view\/celebrity\/s_ratio_celebrity\/public\/p1484904556.03.webp", "large": "https://img3.doubanio.com\/view\/celebrity\/s_ratio_celebrity\/public\/p1484904556.03.webp", "medium": "https://img3.doubanio.com\/view\/celebrity\/s_ratio_celebrity\/public\/p1484904556.03.webp"}, "name_en": "Kana Kita", "name": "\u5317\u9999\u90a3", "alt": "https:\/\/movie.douban.com\/celebrity\/1367253\/", "id": "1367253"}, {"avatars": {"small": "https://img1.doubanio.com\/view\/celebrity\/s_ratio_celebrity\/public\/p1493110606.27.webp", "large": "https://img1.doubanio.com\/view\/celebrity\/s_ratio_celebrity\/public\/p1493110606.27.webp", "medium": "https://img1.doubanio.com\/view\/celebrity\/s_ratio_celebrity\/public\/p1493110606.27.webp"}, "name_en": "Yu Aoi", "name": "\u82cd\u4e95\u4f18", "alt": "https:\/\/movie.douban.com\/celebrity\/1018990\/", "id": "1018990"}, {"avatars": {"small": "https://img3.doubanio.com\/view\/celebrity\/s_ratio_celebrity\/public\/p4971.webp", "large": "https://img3.doubanio.com\/view\/celebrity\/s_ratio_celebrity\/public\/p4971.webp", "medium": "https://img3.doubanio.com\/view\/celebrity\/s_ratio_celebrity\/public\/p4971.webp"}, "name_en": "Rie Kugimiya", "name": "\u9489\u5bab\u7406\u60e0", "alt": "https:\/\/movie.douban.com\/celebrity\/1018687\/", "id": "1018687"}], "durations": ["117\u5206\u949f"], "collect_count": 1933, "mainland_pubdate": "", "has_video": false, "original_title": "\u30da\u30f3\u30ae\u30f3\u30fb\u30cf\u30a4\u30a6\u30a7\u30a4", "subtype": "movie", "directors": [{"avatars": {"small": "https://img1.doubanio.com\/view\/celebrity\/s_ratio_celebrity\/public\/p51197.webp", "large": "https://img1.doubanio.com\/view\/celebrity\/s_ratio_celebrity\/public\/p51197.webp", "medium": "https://img1.doubanio.com\/view\/celebrity\/s_ratio_celebrity\/public\/p51197.webp"}, "name_en": "Hiroyasu Ishida", "name": "\u77f3\u7530\u7950\u5eb7", "alt": "https:\/\/movie.douban.com\/celebrity\/1321734\/", "id": "1321734"}], "pubdates": ["2018-08-17(\u65e5\u672c)"], "year": "2018", "images": {"small": "https://img1.doubanio.com\/view\/photo\/s_ratio_poster\/public\/p2527028949.webp", "large": "https://img1.doubanio.com\/view\/photo\/s_ratio_poster\/public\/p2527028949.webp", "medium": "https://img1.doubanio.com\/view\/photo\/s_ratio_poster\/public\/p2527028949.webp"}, "alt": "https:\/\/movie.douban.com\/subject\/30158971\/", "id": "30158971"}, "rank": 10, "delta": -6}], "title": "\u8c46\u74e3\u7535\u5f71\u672c\u5468\u53e3\u7891\u699c"}
