{"count": 20, "start": 0, "celebrity": {"avatars": {"small": "https://img3.doubanio.com\/view\/celebrity\/s_ratio_celebrity\/public\/p1501738155.24.webp", "large": "https://img3.doubanio.com\/view\/celebrity\/s_ratio_celebrity\/public\/p1501738155.24.webp", "medium": "https://img3.doubanio.com\/view\/celebrity\/s_ratio_celebrity\/public\/p1501738155.24.webp"}, "name_en": "Jing Wu", "name": "\u5434\u4eac", "alt": "https:\/\/movie.douban.com\/celebrity\/1000525\/", "id": "1000525"}, "total": 56, "works": [{"roles": ["\u6f14\u5458"], "subject": {"rating": {"max": 10, "average": 0, "details": {"1": 0, "3": 0, "2": 0, "5": 0, "4": 0}, "stars": "00", "min": 0}, "genres": ["\u5267\u60c5", "\u52a8\u4f5c", "\u72af\u7f6a"], "title": "\u6740\u7834\u72fc3", "casts": [{"avatars": {"small": "https://img3.doubanio.com\/view\/celebrity\/s_ratio_celebrity\/public\/p1501738155.24.webp", "large": "https://img3.doubanio.com\/view\/celebrity\/s_ratio_celebrity\/public\/p1501738155.24.webp", "medium": "https://img3.doubanio.com\/view\/celebrity\/s_ratio_celebrity\/public\/p1501738155.24.webp"}, "name_en": "Jing Wu", "name": "\u5434\u4eac", "alt": "https:\/\/movie.douban.com\/celebrity\/1000525\/", "id": "1000525"}], "durations": [], "collect_count": 19, "mainland_pubdate": "", "has_video": false, "original_title": "\u6bba\u7834\u72fc3", "subtype": "movie", "directors": [{"avatars": {"small": "https://img3.doubanio.com\/view\/celebrity\/s_ratio_celebrity\/public\/p1524899229.76.webp", "large": "https://img3.doubanio.com\/view\/celebrity\/s_ratio_celebrity\/public\/p1524899229.76.webp", "medium": "https://img3.doubanio.com\/view\/celebrity\/s_ratio_celebrity\/public\/p1524899229.76.webp"}, "name_en": "Pou-Soi Cheang", "name": "\u90d1\u4fdd\u745e", "alt": "https:\/\/movie.douban.com\/celebrity\/1274240\/", "id": "1274240"}], "pubdates": [], "year": "2022", "images": {"small": "https://img3.doubanio.com\/view\/photo\/s_ratio_poster\/public\/p2497765052.webp", "large": "https://img3.doubanio.com\/view\/photo\/s_ratio_poster\/public\/p2497765052.webp", "medium": "https://img3.doubanio.com\/view\/photo\/s_ratio_poster\/public\/p2497765052.webp"}, "alt": "https:\/\/movie.douban.com\/subject\/27125418\/", "id": "27125418"}}, {"roles": ["\u6f14\u5458"], "subject": {"rating": {"max": 10, "average": 0, "details": {"1": 0, "3": 0, "2": 0, "5": 0, "4": 0}, "stars": "00", "min": 0}, "genres": ["\u5267\u60c5"], "title": "\u51e1\u4eba\u4fee\u4ed9\u4f20", "casts": [{"avatars": {"small": "https://img3.doubanio.com\/view\/celebrity\/s_ratio_celebrity\/public\/p1468487353.74.webp", "large": "https://img3.doubanio.com\/view\/celebrity\/s_ratio_celebrity\/public\/p1468487353.74.webp", "medium": "https://img3.doubanio.com\/view\/celebrity\/s_ratio_celebrity\/public\/p1468487353.74.webp"}, "name_en": "Ge Hu", "name": "\u80e1\u6b4c", "alt": "https:\/\/movie.douban.com\/celebrity\/1274477\/", "id": "1274477"}, {"avatars": {"small": "https://img3.doubanio.com\/view\/celebrity\/s_ratio_celebrity\/public\/p313.webp", "large": "https://img3.doubanio.com\/view\/celebrity\/s_ratio_celebrity\/public\/p313.webp", "medium": "https://img3.doubanio.com\/view\/celebrity\/s_ratio_celebrity\/public\/p313.webp"}, "name_en": "Xiaolu Li", "name": "\u674e\u5c0f\u7490", "alt": "https:\/\/movie.douban.com\/celebrity\/1027770\/", "id": "1027770"}, {"avatars": {"small": "https://img1.doubanio.com\/view\/celebrity\/s_ratio_celebrity\/public\/p1516006095.37.webp", "large": "https://img1.doubanio.com\/view\/celebrity\/s_ratio_celebrity\/public\/p1516006095.37.webp", "medium": "https://img1.doubanio.com\/view\/celebrity\/s_ratio_celebrity\/public\/p1516006095.37.webp"}, "name_en": "Dilraba", "name": "\u8fea\u4e3d\u70ed\u5df4", "alt": "https:\/\/movie.douban.com\/celebrity\/1325127\/", "id": "1325127"}], "durations": ["45\u5206\u949f"], "collect_count": 42, "mainland_pubdate": "", "has_video": false, "original_title": "\u51e1\u4eba\u4fee\u4ed9\u4f20", "subtype": "tv", "directors": [{"avatars": {"small": "https://img1.doubanio.com\/view\/celebrity\/s_ratio_celebrity\/public\/p1440486604.09.webp", "large": "https://img1.doubanio.com\/view\/celebrity\/s_ratio_celebrity\/public\/p1440486604.09.webp", "medium": "https://img1.doubanio.com\/view\/celebrity\/s_ratio_celebrity\/public\/p1440486604.09.webp"}, "name_en": "Yuk-Fan Lam", "name": "\u6797\u7389\u82ac", "alt": "https:\/\/movie.douban.com\/celebrity\/1351447\/", "id": "1351447"}, {"avatars": {"small": "https://img1.doubanio.com\/view\/celebrity\/s_ratio_celebrity\/public\/p53199.webp", "large": "https://img1.doubanio.com\/view\/celebrity\/s_ratio_celebrity\/public\/p53199.webp", "medium": "https://img1.doubanio.com\/view\/celebrity\/s_ratio_celebrity\/public\/p53199.webp"}, "name_en": "Man Kit Poon", "name": "\u6f58\u6587\u6770", "alt": "https:\/\/movie.douban.com\/celebrity\/1294725\/", "id": "1294725"}], "pubdates": [], "year": "2020", "images": {"small": "https://img3.doubanio.com\/view\/photo\/s_ratio_poster\/public\/p2518356714.webp", "large": "https://img3.doubanio.com\/view\/photo\/s_ratio_poster\/public\/p2518356714.webp", "medium": "https://img3.doubanio.com\/view\/photo\/s_ratio_poster\/public\/p2518356714.webp"}, "alt": "https:\/\/movie.douban.com\/subject\/26818240\/", "id": "26818240"}}, {"roles": ["\u6f14\u5458", "\u5236\u7247\u4eba"], "subject": {"rating": {"max": 10, "average": 7.9, "details": {"1": 1956.0, "3": 18408.0, "2": 3862.0, "5": 25995.0, "4": 32828.0}, "stars": "40", "min": 0}, "genres": ["\u79d1\u5e7b", "\u707e\u96be"], "title": "\u6d41\u6d6a\u5730\u7403", "casts": [{"avatars": {"small": "https://img3.doubanio.com\/view\/celebrity\/s_ratio_celebrity\/public\/p1533348792.03.webp", "large": "https://img3.doubanio.com\/view\/celebrity\/s_ratio_celebrity\/public\/p1533348792.03.webp", "medium": "https://img3.doubanio.com\/view\/celebrity\/s_ratio_celebrity\/public\/p1533348792.03.webp"}, "name_en": "Chuxiao Qu", "name": "\u5c48\u695a\u8427", "alt": "https:\/\/movie.douban.com\/celebrity\/1359081\/", "id": "1359081"}, {"avatars": {"small": "https://img3.doubanio.com\/view\/celebrity\/s_ratio_celebrity\/public\/p1501738155.24.webp", "large": "https://img3.doubanio.com\/view\/celebrity\/s_ratio_celebrity\/public\/p1501738155.24.webp", "medium": "https://img3.doubanio.com\/view\/celebrity\/s_ratio_celebrity\/public\/p1501738155.24.webp"}, "name_en": "Jing Wu", "name": "\u5434\u4eac", "alt": "https:\/\/movie.douban.com\/celebrity\/1000525\/", "id": "1000525"}, {"avatars": {"small": "https://img3.doubanio.com\/view\/celebrity\/s_ratio_celebrity\/public\/p1540619056.43.webp", "large": "https://img3.doubanio.com\/view\/celebrity\/s_ratio_celebrity\/public\/p1540619056.43.webp", "medium": "https://img3.doubanio.com\/view\/celebrity\/s_ratio_celebrity\/public\/p1540619056.43.webp"}, "name_en": "Guangjie Li", "name": "\u674e\u5149\u6d01", "alt": "https:\/\/movie.douban.com\/celebrity\/1275178\/", "id": "1275178"}], "durations": ["125\u5206\u949f"], "collect_count": 942935, "mainland_pubdate": "2019-02-05", "has_video": false, "original_title": "\u6d41\u6d6a\u5730\u7403", "subtype": "movie", "directors": [{"avatars": {"small": "https://img3.doubanio.com\/view\/celebrity\/s_ratio_celebrity\/public\/p1536678787.83.webp", "large": "https://img3.doubanio.com\/view\/celebrity\/s_ratio_celebrity\/public\/p1536678787.83.webp", "medium": "https://img3.doubanio.com\/view\/celebrity\/s_ratio_celebrity\/public\/p1536678787.83.webp"}, "name_en": "Frant Gwo", "name": "\u90ed\u5e06", "alt": "https:\/\/movie.douban.com\/celebrity\/1276086\/", "id": "1276086"}], "pubdates": ["2019-02-05(\u4e2d\u56fd\u5927\u9646)"], "year": "2019", "images": {"small": "https://img3.doubanio.com\/view\/photo\/s_ratio_poster\/public\/p2545472803.webp", "large": "https://img3.doubanio.com\/view\/photo\/s_ratio_poster\/public\/p2545472803.webp", "medium": "https://img3.doubanio.com\/view\/photo\/s_ratio_poster\/public\/p2545472803.webp"}, "alt": "https:\/\/movie.douban.com\/subject\/26266893\/", "id": "26266893"}}, {"roles": ["\u6f14\u5458"], "subject": {"rating": {"max": 10, "average": 0, "details": {"1": 0, "3": 0, "2": 0, "5": 0, "4": 0}, "stars": "00", "min": 0}, "genres": ["\u5267\u60c5"], "title": "\u6500\u767b\u8005", "casts": [{"avatars": {"small": "https://img3.doubanio.com\/view\/celebrity\/s_ratio_celebrity\/public\/p1452260519.76.webp", "large": "https://img3.doubanio.com\/view\/celebrity\/s_ratio_celebrity\/public\/p1452260519.76.webp", "medium": "https://img3.doubanio.com\/view\/celebrity\/s_ratio_celebrity\/public\/p1452260519.76.webp"}, "name_en": "Boran Jing", "name": "\u4e95\u67cf\u7136", "alt": "https:\/\/movie.douban.com\/celebrity\/1274628\/", "id": "1274628"}, {"avatars": {"small": "https://img3.doubanio.com\/view\/celebrity\/s_ratio_celebrity\/public\/p1501738155.24.webp", "large": "https://img3.doubanio.com\/view\/celebrity\/s_ratio_celebrity\/public\/p1501738155.24.webp", "medium": "https://img3.doubanio.com\/view\/celebrity\/s_ratio_celebrity\/public\/p1501738155.24.webp"}, "name_en": "Jing Wu", "name": "\u5434\u4eac", "alt": "https:\/\/movie.douban.com\/celebrity\/1000525\/", "id": "1000525"}, {"avatars": {"small": "https://img1.doubanio.com\/view\/celebrity\/s_ratio_celebrity\/public\/p1537891305.49.webp", "large": "https://img1.doubanio.com\/view\/celebrity\/s_ratio_celebrity\/public\/p1537891305.49.webp", "medium": "https://img1.doubanio.com\/view\/celebrity\/s_ratio_celebrity\/public\/p1537891305.49.webp"}, "name_en": "Jackie Chan", "name": "\u6210\u9f99", "alt": "https:\/\/movie.douban.com\/celebrity\/1054531\/", "id": "1054531"}], "durations": [], "collect_count": 27, "mainland_pubdate": "", "has_video": false, "original_title": "\u6500\u767b\u8005", "subtype": "movie", "directors": [{"avatars": {"small": "https://img3.doubanio.com\/view\/celebrity\/s_ratio_celebrity\/public\/p11494.webp", "large": "https://img3.doubanio.com\/view\/celebrity\/s_ratio_celebrity\/public\/p11494.webp", "medium": "https://img3.doubanio.com\/view\/celebrity\/s_ratio_celebrity\/public\/p11494.webp"}, "name_en": "Daniel Lee ", "name": "\u674e\u4ec1\u6e2f", "alt": "https:\/\/movie.douban.com\/celebrity\/1275585\/", "id": "1275585"}], "pubdates": ["2019(\u4e2d\u56fd\u5927\u9646)"], "year": "2019", "images": {"small": "https://img3.doubanio.com\/view\/photo\/s_ratio_poster\/public\/p2545961994.webp", "large": "https://img3.doubanio.com\/view\/photo\/s_ratio_poster\/public\/p2545961994.webp", "medium": "https://img3.doubanio.com\/view\/photo\/s_ratio_poster\/public\/p2545961994.webp"}, "alt": "https:\/\/movie.douban.com\/subject\/30413052\/", "id": "30413052"}}, {"roles": ["\u6f14\u5458", "\u5bfc\u6f14", "\u7f16\u5267"], "subject": {"rating": {"max": 10, "average": 0, "details": {"1": 0, "3": 0, "2": 0, "5": 0, "4": 0}, "stars": "00", "min": 0}, "genres": ["\u52a8\u4f5c", "\u6218\u4e89"], "title": "\u6218\u72fc3", "casts": [{"avatars": {"small": "https://img3.doubanio.com\/view\/celebrity\/s_ratio_celebrity\/public\/p1501738155.24.webp", "large": "https://img3.doubanio.com\/view\/celebrity\/s_ratio_celebrity\/public\/p1501738155.24.webp", "medium": "https://img3.doubanio.com\/view\/celebrity\/s_ratio_celebrity\/public\/p1501738155.24.webp"}, "name_en": "Jing Wu", "name": "\u5434\u4eac", "alt": "https:\/\/movie.douban.com\/celebrity\/1000525\/", "id": "1000525"}], "durations": [], "collect_count": 230, "mainland_pubdate": "", "has_video": false, "original_title": "\u6218\u72fc3", "subtype": "movie", "directors": [{"avatars": {"small": "https://img3.doubanio.com\/view\/celebrity\/s_ratio_celebrity\/public\/p1501738155.24.webp", "large": "https://img3.doubanio.com\/view\/celebrity\/s_ratio_celebrity\/public\/p1501738155.24.webp", "medium": "https://img3.doubanio.com\/view\/celebrity\/s_ratio_celebrity\/public\/p1501738155.24.webp"}, "name_en": "Jing Wu", "name": "\u5434\u4eac", "alt": "https:\/\/movie.douban.com\/celebrity\/1000525\/", "id": "1000525"}], "pubdates": [], "year": "2019", "images": {"small": "https://img1.doubanio.com\/view\/photo\/s_ratio_poster\/public\/p2495511299.webp", "large": "https://img1.doubanio.com\/view\/photo\/s_ratio_poster\/public\/p2495511299.webp", "medium": "https://img1.doubanio.com\/view\/photo\/s_ratio_poster\/public\/p2495511299.webp"}, "alt": "https:\/\/movie.douban.com\/subject\/26665255\/", "id": "26665255"}}, {"roles": ["\u6f14\u5458"], "subject": {"rating": {"max": 10, "average": 4.2, "details": {"1": 4012.0, "3": 3166.0, "2": 4646.0, "5": 381.0, "4": 577.0}, "stars": "25", "min": 0}, "genres": ["\u559c\u5267", "\u5947\u5e7b"], "title": "\u7956\u5b97\u5341\u4e5d\u4ee3", "casts": [{"avatars": {"small": "https://img3.doubanio.com\/view\/celebrity\/s_ratio_celebrity\/public\/p40756.webp", "large": "https://img3.doubanio.com\/view\/celebrity\/s_ratio_celebrity\/public\/p40756.webp", "medium": "https://img3.doubanio.com\/view\/celebrity\/s_ratio_celebrity\/public\/p40756.webp"}, "name_en": "Yun-peng Yue", "name": "\u5cb3\u4e91\u9e4f", "alt": "https:\/\/movie.douban.com\/celebrity\/1317663\/", "id": "1317663"}, {"avatars": {"small": "https://img3.doubanio.com\/view\/celebrity\/s_ratio_celebrity\/public\/p1501738155.24.webp", "large": "https://img3.doubanio.com\/view\/celebrity\/s_ratio_celebrity\/public\/p1501738155.24.webp", "medium": "https://img3.doubanio.com\/view\/celebrity\/s_ratio_celebrity\/public\/p1501738155.24.webp"}, "name_en": "Jing Wu", "name": "\u5434\u4eac", "alt": "https:\/\/movie.douban.com\/celebrity\/1000525\/", "id": "1000525"}, {"avatars": {"small": "https://img3.doubanio.com\/view\/celebrity\/s_ratio_celebrity\/public\/p1363935001.36.webp", "large": "https://img3.doubanio.com\/view\/celebrity\/s_ratio_celebrity\/public\/p1363935001.36.webp", "medium": "https://img3.doubanio.com\/view\/celebrity\/s_ratio_celebrity\/public\/p1363935001.36.webp"}, "name_en": "Xiubo Wu", "name": "\u5434\u79c0\u6ce2", "alt": "https:\/\/movie.douban.com\/celebrity\/1275317\/", "id": "1275317"}], "durations": ["95\u5206\u949f"], "collect_count": 93835, "mainland_pubdate": "2018-02-16", "has_video": true, "original_title": "\u7956\u5b97\u5341\u4e5d\u4ee3", "subtype": "movie", "directors": [{"avatars": {"small": "https://img1.doubanio.com\/view\/celebrity\/s_ratio_celebrity\/public\/p6569.webp", "large": "https://img1.doubanio.com\/view\/celebrity\/s_ratio_celebrity\/public\/p6569.webp", "medium": "https://img1.doubanio.com\/view\/celebrity\/s_ratio_celebrity\/public\/p6569.webp"}, "name_en": "Degang Guo", "name": "\u90ed\u5fb7\u7eb2", "alt": "https:\/\/movie.douban.com\/celebrity\/1274305\/", "id": "1274305"}], "pubdates": ["2018-02-16(\u4e2d\u56fd\u5927\u9646)"], "year": "2018", "images": {"small": "https://img3.doubanio.com\/view\/photo\/s_ratio_poster\/public\/p2511436594.webp", "large": "https://img3.doubanio.com\/view\/photo\/s_ratio_poster\/public\/p2511436594.webp", "medium": "https://img3.doubanio.com\/view\/photo\/s_ratio_poster\/public\/p2511436594.webp"}, "alt": "https:\/\/movie.douban.com\/subject\/27114417\/", "id": "27114417"}}, {"roles": ["\u6f14\u5458"], "subject": {"rating": {"max": 10, "average": 0, "details": {"1": 0, "3": 0, "2": 0, "5": 0, "4": 0}, "stars": "00", "min": 0}, "genres": [], "title": "\u7b2c\u4e5d\u5c4a\u4e2d\u56fd\u7535\u5f71\u5bfc\u6f14\u534f\u4f1a\u5e74\u5ea6\u5956", "casts": [{"avatars": {"small": "https://img1.doubanio.com\/view\/celebrity\/s_ratio_celebrity\/public\/p45667.webp", "large": "https://img1.doubanio.com\/view\/celebrity\/s_ratio_celebrity\/public\/p45667.webp", "medium": "https://img1.doubanio.com\/view\/celebrity\/s_ratio_celebrity\/public\/p45667.webp"}, "name_en": "Xiaogang Feng", "name": "\u51af\u5c0f\u521a", "alt": "https:\/\/movie.douban.com\/celebrity\/1274255\/", "id": "1274255"}, {"avatars": {"small": "https://img3.doubanio.com\/view\/celebrity\/s_ratio_celebrity\/public\/p1511247077.43.webp", "large": "https://img3.doubanio.com\/view\/celebrity\/s_ratio_celebrity\/public\/p1511247077.43.webp", "medium": "https://img3.doubanio.com\/view\/celebrity\/s_ratio_celebrity\/public\/p1511247077.43.webp"}, "name_en": "Xiaoying You", "name": "\u6e38\u6653\u9896", "alt": "https:\/\/movie.douban.com\/celebrity\/1382032\/", "id": "1382032"}, {"avatars": {"small": "https://img3.doubanio.com\/view\/celebrity\/s_ratio_celebrity\/public\/p1501135532.55.webp", "large": "https://img3.doubanio.com\/view\/celebrity\/s_ratio_celebrity\/public\/p1501135532.55.webp", "medium": "https://img3.doubanio.com\/view\/celebrity\/s_ratio_celebrity\/public\/p1501135532.55.webp"}, "name_en": "Vivian Qu", "name": "\u6587\u664f", "alt": "https:\/\/movie.douban.com\/celebrity\/1333323\/", "id": "1333323"}], "durations": [], "collect_count": 1, "mainland_pubdate": "", "has_video": false, "original_title": "\u7b2c9\u5c4a\u4e2d\u56fd\u7535\u5f71\u5bfc\u6f14\u534f\u4f1a\u5e74\u5ea6\u5956", "subtype": "movie", "directors": [], "pubdates": ["2018(\u4e2d\u56fd\u5927\u9646)"], "year": "2018", "images": {"small": "https://img1.doubanio.com\/f\/movie\/b6dc761f5e4cf04032faa969826986efbecd54bb\/pics\/movie\/movie_default_small.png", "large": "https://img3.doubanio.com\/f\/movie\/30c6263b6db26d055cbbe73fe653e29014142ea3\/pics\/movie\/movie_default_large.png", "medium": "https://img1.doubanio.com\/f\/movie\/5081e011b4b06f1a8c3735122b38e781bd852ab6\/pics\/movie\/movie_default_medium.png"}, "alt": "https:\/\/movie.douban.com\/subject\/30450539\/", "id": "30450539"}}, {"roles": ["\u6f14\u5458", "\u5bfc\u6f14", "\u5236\u7247\u4eba", "\u7f16\u5267"], "subject": {"rating": {"max": 10, "average": 7.1, "details": {"1": 5626.0, "3": 31524.0, "2": 8996.0, "5": 19204.0, "4": 34026.0}, "stars": "35", "min": 0}, "genres": ["\u52a8\u4f5c"], "title": "\u6218\u72fc2", "casts": [{"avatars": {"small": "https://img3.doubanio.com\/view\/celebrity\/s_ratio_celebrity\/public\/p1501738155.24.webp", "large": "https://img3.doubanio.com\/view\/celebrity\/s_ratio_celebrity\/public\/p1501738155.24.webp", "medium": "https://img3.doubanio.com\/view\/celebrity\/s_ratio_celebrity\/public\/p1501738155.24.webp"}, "name_en": "Jing Wu", "name": "\u5434\u4eac", "alt": "https:\/\/movie.douban.com\/celebrity\/1000525\/", "id": "1000525"}, {"avatars": {"small": "https://img1.doubanio.com\/view\/celebrity\/s_ratio_celebrity\/public\/p1415801312.29.webp", "large": "https://img1.doubanio.com\/view\/celebrity\/s_ratio_celebrity\/public\/p1415801312.29.webp", "medium": "https://img1.doubanio.com\/view\/celebrity\/s_ratio_celebrity\/public\/p1415801312.29.webp"}, "name_en": "Frank Grillo", "name": "\u5f17\u5170\u514b\u00b7\u683c\u91cc\u7f57", "alt": "https:\/\/movie.douban.com\/celebrity\/1100321\/", "id": "1100321"}, {"avatars": {"small": "https://img3.doubanio.com\/view\/celebrity\/s_ratio_celebrity\/public\/p1401440361.14.webp", "large": "https://img3.doubanio.com\/view\/celebrity\/s_ratio_celebrity\/public\/p1401440361.14.webp", "medium": "https://img3.doubanio.com\/view\/celebrity\/s_ratio_celebrity\/public\/p1401440361.14.webp"}, "name_en": "Gang Wu", "name": "\u5434\u521a", "alt": "https:\/\/movie.douban.com\/celebrity\/1274840\/", "id": "1274840"}], "durations": ["123\u5206\u949f"], "collect_count": 802116, "mainland_pubdate": "2017-07-27", "has_video": true, "original_title": "\u6218\u72fc2", "subtype": "movie", "directors": [{"avatars": {"small": "https://img3.doubanio.com\/view\/celebrity\/s_ratio_celebrity\/public\/p1501738155.24.webp", "large": "https://img3.doubanio.com\/view\/celebrity\/s_ratio_celebrity\/public\/p1501738155.24.webp", "medium": "https://img3.doubanio.com\/view\/celebrity\/s_ratio_celebrity\/public\/p1501738155.24.webp"}, "name_en": "Jing Wu", "name": "\u5434\u4eac", "alt": "https:\/\/movie.douban.com\/celebrity\/1000525\/", "id": "1000525"}], "pubdates": ["2017-07-27(\u4e2d\u56fd\u5927\u9646)"], "year": "2017", "images": {"small": "https://img3.doubanio.com\/view\/photo\/s_ratio_poster\/public\/p2494701965.webp", "large": "https://img3.doubanio.com\/view\/photo\/s_ratio_poster\/public\/p2494701965.webp", "medium": "https://img3.doubanio.com\/view\/photo\/s_ratio_poster\/public\/p2494701965.webp"}, "alt": "https:\/\/movie.douban.com\/subject\/26363254\/", "id": "26363254"}}, {"roles": ["\u6f14\u5458"], "subject": {"rating": {"max": 10, "average": 8.8, "details": {"1": 0.0, "3": 9.0, "2": 0.0, "5": 37.0, "4": 26.0}, "stars": "45", "min": 0}, "genres": [], "title": "\u5c40\u9762", "casts": [{"avatars": null, "name_en": "", "name": "\u738b\u5fd7\u5b89", "alt": null, "id": null}, {"avatars": {"small": "https://img3.doubanio.com\/view\/celebrity\/s_ratio_celebrity\/public\/p1501738155.24.webp", "large": "https://img3.doubanio.com\/view\/celebrity\/s_ratio_celebrity\/public\/p1501738155.24.webp", "medium": "https://img3.doubanio.com\/view\/celebrity\/s_ratio_celebrity\/public\/p1501738155.24.webp"}, "name_en": "Jing Wu", "name": "\u5434\u4eac", "alt": "https:\/\/movie.douban.com\/celebrity\/1000525\/", "id": "1000525"}, {"avatars": {"small": "https://img3.doubanio.com\/view\/celebrity\/s_ratio_celebrity\/public\/p1524319652.31.webp", "large": "https://img3.doubanio.com\/view\/celebrity\/s_ratio_celebrity\/public\/p1524319652.31.webp", "medium": "https://img3.doubanio.com\/view\/celebrity\/s_ratio_celebrity\/public\/p1524319652.31.webp"}, "name_en": "Yang Sun", "name": "\u5b59\u6768", "alt": "https:\/\/movie.douban.com\/celebrity\/1340017\/", "id": "1340017"}], "durations": ["30\u5206\u949f"], "collect_count": 254, "mainland_pubdate": "2017-05-02", "has_video": false, "original_title": "\u5c40\u9762", "subtype": "tv", "directors": [], "pubdates": ["2017-05-02(\u4e2d\u56fd\u5927\u9646)"], "year": "2017", "images": {"small": "https://img3.doubanio.com\/view\/photo\/s_ratio_poster\/public\/p2508369771.webp", "large": "https://img3.doubanio.com\/view\/photo\/s_ratio_poster\/public\/p2508369771.webp", "medium": "https://img3.doubanio.com\/view\/photo\/s_ratio_poster\/public\/p2508369771.webp"}, "alt": "https:\/\/movie.douban.com\/subject\/27197139\/", "id": "27197139"}}, {"roles": ["\u6f14\u5458", "\u5236\u7247\u4eba"], "subject": {"rating": {"max": 10, "average": 3.6, "details": {"1": 18840.0, "3": 5019.0, "2": 7923.0, "5": 1209.0, "4": 1619.0}, "stars": "20", "min": 0}, "genres": ["\u559c\u5267", "\u7231\u60c5", "\u5947\u5e7b"], "title": "\u5927\u8bdd\u897f\u6e383", "casts": [{"avatars": {"small": "https://img3.doubanio.com\/view\/celebrity\/s_ratio_celebrity\/public\/p1519976356.71.webp", "large": "https://img3.doubanio.com\/view\/celebrity\/s_ratio_celebrity\/public\/p1519976356.71.webp", "medium": "https://img3.doubanio.com\/view\/celebrity\/s_ratio_celebrity\/public\/p1519976356.71.webp"}, "name_en": "Geng Han", "name": "\u97e9\u5e9a", "alt": "https:\/\/movie.douban.com\/celebrity\/1275667\/", "id": "1275667"}, {"avatars": {"small": "https://img3.doubanio.com\/view\/celebrity\/s_ratio_celebrity\/public\/p48044.webp", "large": "https://img3.doubanio.com\/view\/celebrity\/s_ratio_celebrity\/public\/p48044.webp", "medium": "https://img3.doubanio.com\/view\/celebrity\/s_ratio_celebrity\/public\/p48044.webp"}, "name_en": "Yan Tang", "name": "\u5510\u5ae3", "alt": "https:\/\/movie.douban.com\/celebrity\/1274479\/", "id": "1274479"}, {"avatars": {"small": "https://img3.doubanio.com\/view\/celebrity\/s_ratio_celebrity\/public\/p1501738155.24.webp", "large": "https://img3.doubanio.com\/view\/celebrity\/s_ratio_celebrity\/public\/p1501738155.24.webp", "medium": "https://img3.doubanio.com\/view\/celebrity\/s_ratio_celebrity\/public\/p1501738155.24.webp"}, "name_en": "Jing Wu", "name": "\u5434\u4eac", "alt": "https:\/\/movie.douban.com\/celebrity\/1000525\/", "id": "1000525"}], "durations": ["93\u5206\u949f"], "collect_count": 63287, "mainland_pubdate": "2016-09-14", "has_video": true, "original_title": "\u5927\u8bdd\u897f\u6e383", "subtype": "movie", "directors": [{"avatars": {"small": "https://img3.doubanio.com\/view\/celebrity\/s_ratio_celebrity\/public\/p45374.webp", "large": "https://img3.doubanio.com\/view\/celebrity\/s_ratio_celebrity\/public\/p45374.webp", "medium": "https://img3.doubanio.com\/view\/celebrity\/s_ratio_celebrity\/public\/p45374.webp"}, "name_en": "Jeffrey Lau", "name": "\u5218\u9547\u4f1f", "alt": "https:\/\/movie.douban.com\/celebrity\/1274431\/", "id": "1274431"}], "pubdates": ["2016-09-14(\u4e2d\u56fd\u5927\u9646)"], "year": "2016", "images": {"small": "https://img3.doubanio.com\/view\/photo\/s_ratio_poster\/public\/p2377676571.webp", "large": "https://img3.doubanio.com\/view\/photo\/s_ratio_poster\/public\/p2377676571.webp", "medium": "https://img3.doubanio.com\/view\/photo\/s_ratio_poster\/public\/p2377676571.webp"}, "alt": "https:\/\/movie.douban.com\/subject\/26284595\/", "id": "26284595"}}, {"roles": ["\u6f14\u5458"], "subject": {"rating": {"max": 10, "average": 5.7, "details": {"1": 2517.0, "3": 15807.0, "2": 8359.0, "5": 1595.0, "4": 5048.0}, "stars": "30", "min": 0}, "genres": ["\u5267\u60c5", "\u52a8\u4f5c", "\u72af\u7f6a"], "title": "\u5371\u57ce", "casts": [{"avatars": {"small": "https://img3.doubanio.com\/view\/celebrity\/s_ratio_celebrity\/public\/p844.webp", "large": "https://img3.doubanio.com\/view\/celebrity\/s_ratio_celebrity\/public\/p844.webp", "medium": "https://img3.doubanio.com\/view\/celebrity\/s_ratio_celebrity\/public\/p844.webp"}, "name_en": "Sean Lau", "name": "\u5218\u9752\u4e91", "alt": "https:\/\/movie.douban.com\/celebrity\/1007251\/", "id": "1007251"}, {"avatars": {"small": "https://img1.doubanio.com\/view\/celebrity\/s_ratio_celebrity\/public\/p1421047436.79.webp", "large": "https://img1.doubanio.com\/view\/celebrity\/s_ratio_celebrity\/public\/p1421047436.79.webp", "medium": "https://img1.doubanio.com\/view\/celebrity\/s_ratio_celebrity\/public\/p1421047436.79.webp"}, "name_en": "Louis Koo", "name": "\u53e4\u5929\u4e50", "alt": "https:\/\/movie.douban.com\/celebrity\/1027577\/", "id": "1027577"}, {"avatars": {"small": "https://img3.doubanio.com\/view\/celebrity\/s_ratio_celebrity\/public\/p1368156632.65.webp", "large": "https://img3.doubanio.com\/view\/celebrity\/s_ratio_celebrity\/public\/p1368156632.65.webp", "medium": "https://img3.doubanio.com\/view\/celebrity\/s_ratio_celebrity\/public\/p1368156632.65.webp"}, "name_en": "Eddie Peng", "name": "\u5f6d\u4e8e\u664f", "alt": "https:\/\/movie.douban.com\/celebrity\/1013782\/", "id": "1013782"}], "durations": ["120\u5206\u949f"], "collect_count": 56191, "mainland_pubdate": "2016-08-12", "has_video": true, "original_title": "\u5371\u57ce", "subtype": "movie", "directors": [{"avatars": {"small": "https://img3.doubanio.com\/view\/celebrity\/s_ratio_celebrity\/public\/p1524897047.23.webp", "large": "https://img3.doubanio.com\/view\/celebrity\/s_ratio_celebrity\/public\/p1524897047.23.webp", "medium": "https://img3.doubanio.com\/view\/celebrity\/s_ratio_celebrity\/public\/p1524897047.23.webp"}, "name_en": "Benny Chan", "name": "\u9648\u6728\u80dc", "alt": "https:\/\/movie.douban.com\/celebrity\/1274293\/", "id": "1274293"}], "pubdates": ["2016-08-12(\u4e2d\u56fd\u5927\u9646)"], "year": "2016", "images": {"small": "https://img3.doubanio.com\/view\/photo\/s_ratio_poster\/public\/p2372098911.webp", "large": "https://img3.doubanio.com\/view\/photo\/s_ratio_poster\/public\/p2372098911.webp", "medium": "https://img3.doubanio.com\/view\/photo\/s_ratio_poster\/public\/p2372098911.webp"}, "alt": "https:\/\/movie.douban.com\/subject\/26125779\/", "id": "26125779"}}, {"roles": ["\u6f14\u5458"], "subject": {"rating": {"max": 10, "average": 4.9, "details": {"1": 344.0, "3": 374.0, "2": 333.0, "5": 111.0, "4": 122.0}, "stars": "25", "min": 0}, "genres": ["\u5267\u60c5", "\u52a8\u4f5c", "\u6218\u4e89"], "title": "\u7279\u79cd\u5175\u4e4b\u9739\u96f3\u706b", "casts": [{"avatars": {"small": "https://img3.doubanio.com\/view\/celebrity\/s_ratio_celebrity\/public\/p1357483732.96.webp", "large": "https://img3.doubanio.com\/view\/celebrity\/s_ratio_celebrity\/public\/p1357483732.96.webp", "medium": "https://img3.doubanio.com\/view\/celebrity\/s_ratio_celebrity\/public\/p1357483732.96.webp"}, "name_en": "Tianye Ren", "name": "\u4efb\u5929\u91ce", "alt": "https:\/\/movie.douban.com\/celebrity\/1323625\/", "id": "1323625"}, {"avatars": {"small": "https://img3.doubanio.com\/view\/celebrity\/s_ratio_celebrity\/public\/p1418386181.63.webp", "large": "https://img3.doubanio.com\/view\/celebrity\/s_ratio_celebrity\/public\/p1418386181.63.webp", "medium": "https://img3.doubanio.com\/view\/celebrity\/s_ratio_celebrity\/public\/p1418386181.63.webp"}, "name_en": "Xing Mu", "name": "\u725f\u661f", "alt": "https:\/\/movie.douban.com\/celebrity\/1336748\/", "id": "1336748"}, {"avatars": {"small": "https://img1.doubanio.com\/view\/celebrity\/s_ratio_celebrity\/public\/p1355324284.38.webp", "large": "https://img1.doubanio.com\/view\/celebrity\/s_ratio_celebrity\/public\/p1355324284.38.webp", "medium": "https://img1.doubanio.com\/view\/celebrity\/s_ratio_celebrity\/public\/p1355324284.38.webp"}, "name_en": "Su Cheng", "name": "\u7a0b\u612b", "alt": "https:\/\/movie.douban.com\/celebrity\/1323756\/", "id": "1323756"}], "durations": ["45\u5206\u949f"], "collect_count": 2119, "mainland_pubdate": "2016-01-15", "has_video": true, "original_title": "\u7279\u79cd\u5175\u4e4b\u9739\u96f3\u706b", "subtype": "tv", "directors": [{"avatars": {"small": "https://img3.doubanio.com\/view\/celebrity\/s_ratio_celebrity\/public\/p54903.webp", "large": "https://img3.doubanio.com\/view\/celebrity\/s_ratio_celebrity\/public\/p54903.webp", "medium": "https://img3.doubanio.com\/view\/celebrity\/s_ratio_celebrity\/public\/p54903.webp"}, "name_en": "Meng Liu", "name": "\u5218\u731b", "alt": "https:\/\/movie.douban.com\/celebrity\/1318090\/", "id": "1318090"}], "pubdates": ["2016-01-15(\u4e2d\u56fd\u5927\u9646)"], "year": "2016", "images": {"small": "https://img1.doubanio.com\/view\/photo\/s_ratio_poster\/public\/p2309199838.webp", "large": "https://img1.doubanio.com\/view\/photo\/s_ratio_poster\/public\/p2309199838.webp", "medium": "https://img1.doubanio.com\/view\/photo\/s_ratio_poster\/public\/p2309199838.webp"}, "alt": "https:\/\/movie.douban.com\/subject\/26253985\/", "id": "26253985"}}, {"roles": ["\u6f14\u5458"], "subject": {"rating": {"max": 10, "average": 7.4, "details": {"1": 881.0, "3": 31818.0, "2": 4076.0, "5": 13086.0, "4": 41061.0}, "stars": "40", "min": 0}, "genres": ["\u5267\u60c5", "\u52a8\u4f5c", "\u72af\u7f6a"], "title": "\u6740\u7834\u72fc2", "casts": [{"avatars": {"small": "https://img3.doubanio.com\/view\/celebrity\/s_ratio_celebrity\/public\/p1501738155.24.webp", "large": "https://img3.doubanio.com\/view\/celebrity\/s_ratio_celebrity\/public\/p1501738155.24.webp", "medium": "https://img3.doubanio.com\/view\/celebrity\/s_ratio_celebrity\/public\/p1501738155.24.webp"}, "name_en": "Jing Wu", "name": "\u5434\u4eac", "alt": "https:\/\/movie.douban.com\/celebrity\/1000525\/", "id": "1000525"}, {"avatars": {"small": "https://img1.doubanio.com\/view\/celebrity\/s_ratio_celebrity\/public\/p1509859889.77.webp", "large": "https://img1.doubanio.com\/view\/celebrity\/s_ratio_celebrity\/public\/p1509859889.77.webp", "medium": "https://img1.doubanio.com\/view\/celebrity\/s_ratio_celebrity\/public\/p1509859889.77.webp"}, "name_en": "Tony Jaa", "name": "\u6258\u5c3c\u00b7\u8d3e", "alt": "https:\/\/movie.douban.com\/celebrity\/1004643\/", "id": "1004643"}, {"avatars": {"small": "https://img1.doubanio.com\/view\/celebrity\/s_ratio_celebrity\/public\/p1436716618.28.webp", "large": "https://img1.doubanio.com\/view\/celebrity\/s_ratio_celebrity\/public\/p1436716618.28.webp", "medium": "https://img1.doubanio.com\/view\/celebrity\/s_ratio_celebrity\/public\/p1436716618.28.webp"}, "name_en": "Max Zhang", "name": "\u5f20\u664b", "alt": "https:\/\/movie.douban.com\/celebrity\/1318005\/", "id": "1318005"}], "durations": ["120\u5206\u949f"], "collect_count": 161787, "mainland_pubdate": "2015-06-18", "has_video": true, "original_title": "\u6bba\u7834\u72fc2", "subtype": "movie", "directors": [{"avatars": {"small": "https://img3.doubanio.com\/view\/celebrity\/s_ratio_celebrity\/public\/p1524899229.76.webp", "large": "https://img3.doubanio.com\/view\/celebrity\/s_ratio_celebrity\/public\/p1524899229.76.webp", "medium": "https://img3.doubanio.com\/view\/celebrity\/s_ratio_celebrity\/public\/p1524899229.76.webp"}, "name_en": "Pou-Soi Cheang", "name": "\u90d1\u4fdd\u745e", "alt": "https:\/\/movie.douban.com\/celebrity\/1274240\/", "id": "1274240"}], "pubdates": ["2015-06-18(\u4e2d\u56fd\u5927\u9646)"], "year": "2015", "images": {"small": "https://img3.doubanio.com\/view\/photo\/s_ratio_poster\/public\/p2246885606.webp", "large": "https://img3.doubanio.com\/view\/photo\/s_ratio_poster\/public\/p2246885606.webp", "medium": "https://img3.doubanio.com\/view\/photo\/s_ratio_poster\/public\/p2246885606.webp"}, "alt": "https:\/\/movie.douban.com\/subject\/23788440\/", "id": "23788440"}}, {"roles": ["\u6f14\u5458", "\u5bfc\u6f14", "\u7f16\u5267"], "subject": {"rating": {"max": 10, "average": 6.8, "details": {"1": 6210.0, "3": 49836.0, "2": 12935.0, "5": 17334.0, "4": 40207.0}, "stars": "35", "min": 0}, "genres": ["\u52a8\u4f5c", "\u6218\u4e89"], "title": "\u6218\u72fc", "casts": [{"avatars": {"small": "https://img3.doubanio.com\/view\/celebrity\/s_ratio_celebrity\/public\/p1501738155.24.webp", "large": "https://img3.doubanio.com\/view\/celebrity\/s_ratio_celebrity\/public\/p1501738155.24.webp", "medium": "https://img3.doubanio.com\/view\/celebrity\/s_ratio_celebrity\/public\/p1501738155.24.webp"}, "name_en": "Jing Wu", "name": "\u5434\u4eac", "alt": "https:\/\/movie.douban.com\/celebrity\/1000525\/", "id": "1000525"}, {"avatars": {"small": "https://img3.doubanio.com\/view\/celebrity\/s_ratio_celebrity\/public\/p52860.webp", "large": "https://img3.doubanio.com\/view\/celebrity\/s_ratio_celebrity\/public\/p52860.webp", "medium": "https://img3.doubanio.com\/view\/celebrity\/s_ratio_celebrity\/public\/p52860.webp"}, "name_en": "Nan Yu", "name": "\u4f59\u7537", "alt": "https:\/\/movie.douban.com\/celebrity\/1050430\/", "id": "1050430"}, {"avatars": {"small": "https://img3.doubanio.com\/view\/celebrity\/s_ratio_celebrity\/public\/p1390933039.93.webp", "large": "https://img3.doubanio.com\/view\/celebrity\/s_ratio_celebrity\/public\/p1390933039.93.webp", "medium": "https://img3.doubanio.com\/view\/celebrity\/s_ratio_celebrity\/public\/p1390933039.93.webp"}, "name_en": "Scott Adkins", "name": "\u65af\u79d1\u7279\u00b7\u963f\u91d1\u65af", "alt": "https:\/\/movie.douban.com\/celebrity\/1017912\/", "id": "1017912"}], "durations": ["90\u5206\u949f"], "collect_count": 236554, "mainland_pubdate": "2015-04-02", "has_video": true, "original_title": "\u6218\u72fc", "subtype": "movie", "directors": [{"avatars": {"small": "https://img3.doubanio.com\/view\/celebrity\/s_ratio_celebrity\/public\/p1501738155.24.webp", "large": "https://img3.doubanio.com\/view\/celebrity\/s_ratio_celebrity\/public\/p1501738155.24.webp", "medium": "https://img3.doubanio.com\/view\/celebrity\/s_ratio_celebrity\/public\/p1501738155.24.webp"}, "name_en": "Jing Wu", "name": "\u5434\u4eac", "alt": "https:\/\/movie.douban.com\/celebrity\/1000525\/", "id": "1000525"}], "pubdates": ["2015-04-02(\u4e2d\u56fd\u5927\u9646)"], "year": "2015", "images": {"small": "https://img3.doubanio.com\/view\/photo\/s_ratio_poster\/public\/p2225660666.webp", "large": "https://img3.doubanio.com\/view\/photo\/s_ratio_poster\/public\/p2225660666.webp", "medium": "https://img3.doubanio.com\/view\/photo\/s_ratio_poster\/public\/p2225660666.webp"}, "alt": "https:\/\/movie.douban.com\/subject\/24753810\/", "id": "24753810"}}, {"roles": ["\u6f14\u5458"], "subject": {"rating": {"max": 10, "average": 6.8, "details": {"1": 48.0, "3": 1075.0, "2": 192.0, "5": 260.0, "4": 657.0}, "stars": "35", "min": 0}, "genres": ["\u559c\u5267", "\u77ed\u7247"], "title": "\u6781\u54c1\u5973\u58eb \u7b2c\u4e09\u5b63", "casts": [{"avatars": {"small": "https://img3.doubanio.com\/view\/celebrity\/s_ratio_celebrity\/public\/p1412689600.62.webp", "large": "https://img3.doubanio.com\/view\/celebrity\/s_ratio_celebrity\/public\/p1412689600.62.webp", "medium": "https://img3.doubanio.com\/view\/celebrity\/s_ratio_celebrity\/public\/p1412689600.62.webp"}, "name_en": "Shasha Yu", "name": "\u4e8e\u838e\u838e", "alt": "https:\/\/movie.douban.com\/celebrity\/1327598\/", "id": "1327598"}], "durations": ["12\u5206\u949f"], "collect_count": 3875, "mainland_pubdate": "2014-09-03", "has_video": true, "original_title": "\u6781\u54c1\u5973\u58eb \u7b2c\u4e09\u5b63", "subtype": "tv", "directors": [{"avatars": null, "name_en": "", "name": "\u5218\u5609\u6bb7", "alt": null, "id": null}], "pubdates": ["2014-09-03(\u4e2d\u56fd\u5927\u9646)"], "year": "2014", "images": {"small": "https://img3.doubanio.com\/view\/photo\/s_ratio_poster\/public\/p2196736765.webp", "large": "https://img3.doubanio.com\/view\/photo\/s_ratio_poster\/public\/p2196736765.webp", "medium": "https://img3.doubanio.com\/view\/photo\/s_ratio_poster\/public\/p2196736765.webp"}, "alt": "https:\/\/movie.douban.com\/subject\/25941052\/", "id": "25941052"}}, {"roles": ["\u6f14\u5458"], "subject": {"rating": {"max": 10, "average": 5.0, "details": {"1": 31237.0, "3": 55368.0, "2": 47769.0, "5": 6760.0, "4": 17089.0}, "stars": "25", "min": 0}, "genres": ["\u559c\u5267", "\u7231\u60c5"], "title": "\u5206\u624b\u5927\u5e08", "casts": [{"avatars": {"small": "https://img3.doubanio.com\/view\/celebrity\/s_ratio_celebrity\/public\/p805.webp", "large": "https://img3.doubanio.com\/view\/celebrity\/s_ratio_celebrity\/public\/p805.webp", "medium": "https://img3.doubanio.com\/view\/celebrity\/s_ratio_celebrity\/public\/p805.webp"}, "name_en": "Chao Deng", "name": "\u9093\u8d85", "alt": "https:\/\/movie.douban.com\/celebrity\/1274235\/", "id": "1274235"}, {"avatars": {"small": "https://img3.doubanio.com\/view\/celebrity\/s_ratio_celebrity\/public\/p37843.webp", "large": "https://img3.doubanio.com\/view\/celebrity\/s_ratio_celebrity\/public\/p37843.webp", "medium": "https://img3.doubanio.com\/view\/celebrity\/s_ratio_celebrity\/public\/p37843.webp"}, "name_en": "Mi Yang", "name": "\u6768\u5e42", "alt": "https:\/\/movie.douban.com\/celebrity\/1052359\/", "id": "1052359"}, {"avatars": {"small": "https://img3.doubanio.com\/view\/celebrity\/s_ratio_celebrity\/public\/p1441515551.6.webp", "large": "https://img3.doubanio.com\/view\/celebrity\/s_ratio_celebrity\/public\/p1441515551.6.webp", "medium": "https://img3.doubanio.com\/view\/celebrity\/s_ratio_celebrity\/public\/p1441515551.6.webp"}, "name_en": "Coulee Nazha", "name": "\u53e4\u529b\u5a1c\u624e", "alt": "https:\/\/movie.douban.com\/celebrity\/1315729\/", "id": "1315729"}], "durations": ["116\u5206\u949f"], "collect_count": 294132, "mainland_pubdate": "2014-06-27", "has_video": true, "original_title": "\u5206\u624b\u5927\u5e08", "subtype": "movie", "directors": [{"avatars": {"small": "https://img3.doubanio.com\/view\/celebrity\/s_ratio_celebrity\/public\/p36973.webp", "large": "https://img3.doubanio.com\/view\/celebrity\/s_ratio_celebrity\/public\/p36973.webp", "medium": "https://img3.doubanio.com\/view\/celebrity\/s_ratio_celebrity\/public\/p36973.webp"}, "name_en": "Baimei Yu", "name": "\u4fde\u767d\u7709", "alt": "https:\/\/movie.douban.com\/celebrity\/1316617\/", "id": "1316617"}, {"avatars": {"small": "https://img3.doubanio.com\/view\/celebrity\/s_ratio_celebrity\/public\/p805.webp", "large": "https://img3.doubanio.com\/view\/celebrity\/s_ratio_celebrity\/public\/p805.webp", "medium": "https://img3.doubanio.com\/view\/celebrity\/s_ratio_celebrity\/public\/p805.webp"}, "name_en": "Chao Deng", "name": "\u9093\u8d85", "alt": "https:\/\/movie.douban.com\/celebrity\/1274235\/", "id": "1274235"}], "pubdates": ["2014-06-27(\u4e2d\u56fd\u5927\u9646)"], "year": "2014", "images": {"small": "https://img1.doubanio.com\/view\/photo\/s_ratio_poster\/public\/p2188112867.webp", "large": "https://img1.doubanio.com\/view\/photo\/s_ratio_poster\/public\/p2188112867.webp", "medium": "https://img1.doubanio.com\/view\/photo\/s_ratio_poster\/public\/p2188112867.webp"}, "alt": "https:\/\/movie.douban.com\/subject\/24879858\/", "id": "24879858"}}, {"roles": ["\u6f14\u5458"], "subject": {"rating": {"max": 10, "average": 4.6, "details": {"1": 17827.0, "3": 26204.0, "2": 29588.0, "5": 2153.0, "4": 5419.0}, "stars": "25", "min": 0}, "genres": ["\u559c\u5267", "\u52a8\u4f5c", "\u72af\u7f6a"], "title": "\u4e0d\u4e8c\u795e\u63a2", "casts": [{"avatars": {"small": "https://img3.doubanio.com\/view\/celebrity\/s_ratio_celebrity\/public\/p28063.webp", "large": "https://img3.doubanio.com\/view\/celebrity\/s_ratio_celebrity\/public\/p28063.webp", "medium": "https://img3.doubanio.com\/view\/celebrity\/s_ratio_celebrity\/public\/p28063.webp"}, "name_en": "Zhang Wen", "name": "\u6587\u7ae0", "alt": "https:\/\/movie.douban.com\/celebrity\/1011513\/", "id": "1011513"}, {"avatars": {"small": "https://img3.doubanio.com\/view\/celebrity\/s_ratio_celebrity\/public\/p48974.webp", "large": "https://img3.doubanio.com\/view\/celebrity\/s_ratio_celebrity\/public\/p48974.webp", "medium": "https://img3.doubanio.com\/view\/celebrity\/s_ratio_celebrity\/public\/p48974.webp"}, "name_en": "Jet Li", "name": "\u674e\u8fde\u6770", "alt": "https:\/\/movie.douban.com\/celebrity\/1025146\/", "id": "1025146"}, {"avatars": {"small": "https://img3.doubanio.com\/view\/celebrity\/s_ratio_celebrity\/public\/p42743.webp", "large": "https://img3.doubanio.com\/view\/celebrity\/s_ratio_celebrity\/public\/p42743.webp", "medium": "https://img3.doubanio.com\/view\/celebrity\/s_ratio_celebrity\/public\/p42743.webp"}, "name_en": "Shishi Liu", "name": "\u5218\u8bd7\u8bd7", "alt": "https:\/\/movie.douban.com\/celebrity\/1274533\/", "id": "1274533"}], "durations": ["98\u5206\u949f"], "collect_count": 146867, "mainland_pubdate": "2013-06-21", "has_video": true, "original_title": "\u4e0d\u4e8c\u795e\u63a2", "subtype": "movie", "directors": [{"avatars": {"small": "https://img3.doubanio.com\/view\/celebrity\/s_ratio_celebrity\/public\/p1369196541.35.webp", "large": "https://img3.doubanio.com\/view\/celebrity\/s_ratio_celebrity\/public\/p1369196541.35.webp", "medium": "https://img3.doubanio.com\/view\/celebrity\/s_ratio_celebrity\/public\/p1369196541.35.webp"}, "name_en": "Tsz Ming Wong", "name": "\u738b\u5b50\u9e23", "alt": "https:\/\/movie.douban.com\/celebrity\/1329206\/", "id": "1329206"}], "pubdates": ["2013-06-21(\u4e2d\u56fd\u5927\u9646)"], "year": "2013", "images": {"small": "https://img3.doubanio.com\/view\/photo\/s_ratio_poster\/public\/p2006870496.webp", "large": "https://img3.doubanio.com\/view\/photo\/s_ratio_poster\/public\/p2006870496.webp", "medium": "https://img3.doubanio.com\/view\/photo\/s_ratio_poster\/public\/p2006870496.webp"}, "alt": "https:\/\/movie.douban.com\/subject\/10604486\/", "id": "10604486"}}, {"roles": ["\u5bfc\u6f14"], "subject": {"rating": {"max": 10, "average": 0, "details": {"1": 0, "3": 0, "2": 0, "5": 0, "4": 0}, "stars": "00", "min": 0}, "genres": ["\u7eaa\u5f55\u7247", "\u707e\u96be"], "title": "\u5927\u7231\u5982\u5c71\uff1a\u96c5\u5b89\u5730\u9707\u4e2d\u7684\u6545\u4e8b", "casts": [], "durations": [], "collect_count": 25, "mainland_pubdate": "2013-05-12", "has_video": false, "original_title": "\u5927\u7231\u5982\u5c71\uff1a\u96c5\u5b89\u5730\u9707\u4e2d\u7684\u6545\u4e8b", "subtype": "movie", "directors": [{"avatars": {"small": "https://img1.doubanio.com\/view\/celebrity\/s_ratio_celebrity\/public\/pbo0gplUsbkEcel_avatar_uploaded1366166314.98.webp", "large": "https://img1.doubanio.com\/view\/celebrity\/s_ratio_celebrity\/public\/pbo0gplUsbkEcel_avatar_uploaded1366166314.98.webp", "medium": "https://img1.doubanio.com\/view\/celebrity\/s_ratio_celebrity\/public\/pbo0gplUsbkEcel_avatar_uploaded1366166314.98.webp"}, "name_en": "Zha Shan", "name": "\u67e5\u6749", "alt": "https:\/\/movie.douban.com\/celebrity\/1328154\/", "id": "1328154"}, {"avatars": null, "name_en": "", "name": "\u675c\u6d77", "alt": null, "id": null}, {"avatars": null, "name_en": "", "name": "\u8303\u73b2", "alt": null, "id": null}, {"avatars": null, "name_en": "", "name": "\u674e\u5065", "alt": null, "id": null}, {"avatars": null, "name_en": "", "name": "\u9a6c\u9759", "alt": null, "id": null}, {"avatars": null, "name_en": "", "name": "\u59da\u5e86\u6d9b", "alt": null, "id": null}, {"avatars": {"small": "https://img3.doubanio.com\/view\/celebrity\/s_ratio_celebrity\/public\/ptkt9Jive6AAcel_avatar_uploaded1365994038.55.webp", "large": "https://img3.doubanio.com\/view\/celebrity\/s_ratio_celebrity\/public\/ptkt9Jive6AAcel_avatar_uploaded1365994038.55.webp", "medium": "https://img3.doubanio.com\/view\/celebrity\/s_ratio_celebrity\/public\/ptkt9Jive6AAcel_avatar_uploaded1365994038.55.webp"}, "name_en": "Xinyuan Zhang", "name": "\u5f20\u99a8\u5143", "alt": "https:\/\/movie.douban.com\/celebrity\/1328059\/", "id": "1328059"}, {"avatars": {"small": "https://img3.doubanio.com\/view\/celebrity\/s_ratio_celebrity\/public\/p1501738155.24.webp", "large": "https://img3.doubanio.com\/view\/celebrity\/s_ratio_celebrity\/public\/p1501738155.24.webp", "medium": "https://img3.doubanio.com\/view\/celebrity\/s_ratio_celebrity\/public\/p1501738155.24.webp"}, "name_en": "Jing Wu", "name": "\u5434\u4eac", "alt": "https:\/\/movie.douban.com\/celebrity\/1000525\/", "id": "1000525"}, {"avatars": null, "name_en": "", "name": "\u8bb8\u4fca", "alt": null, "id": null}, {"avatars": {"small": "https://img3.doubanio.com\/view\/celebrity\/s_ratio_celebrity\/public\/p1539254102.24.webp", "large": "https://img3.doubanio.com\/view\/celebrity\/s_ratio_celebrity\/public\/p1539254102.24.webp", "medium": "https://img3.doubanio.com\/view\/celebrity\/s_ratio_celebrity\/public\/p1539254102.24.webp"}, "name_en": "Miaoxia Wang", "name": "\u738b\u82d7\u971e", "alt": "https:\/\/movie.douban.com\/celebrity\/1402529\/", "id": "1402529"}, {"avatars": null, "name_en": "", "name": "\u97e9\u53ef\u4e00", "alt": null, "id": null}, {"avatars": {"small": "https://img1.doubanio.com\/view\/celebrity\/s_ratio_celebrity\/public\/p1527068725.8.webp", "large": "https://img1.doubanio.com\/view\/celebrity\/s_ratio_celebrity\/public\/p1527068725.8.webp", "medium": "https://img1.doubanio.com\/view\/celebrity\/s_ratio_celebrity\/public\/p1527068725.8.webp"}, "name_en": "Jie Zhou", "name": "\u5468\u52bc", "alt": "https:\/\/movie.douban.com\/celebrity\/1381116\/", "id": "1381116"}], "pubdates": ["2013-05-12(\u4e2d\u56fd\u5927\u9646)"], "year": "2013", "images": {"small": "https://img1.doubanio.com\/view\/photo\/s_ratio_poster\/public\/p2239293319.webp", "large": "https://img1.doubanio.com\/view\/photo\/s_ratio_poster\/public\/p2239293319.webp", "medium": "https://img1.doubanio.com\/view\/photo\/s_ratio_poster\/public\/p2239293319.webp"}, "alt": "https:\/\/movie.douban.com\/subject\/24533688\/", "id": "24533688"}}, {"roles": ["\u6f14\u5458"], "subject": {"rating": {"max": 10, "average": 6.4, "details": {"1": 505.0, "3": 1651.0, "2": 541.0, "5": 584.0, "4": 1229.0}, "stars": "35", "min": 0}, "genres": ["\u5267\u60c5"], "title": "\u6211\u662f\u7279\u79cd\u5175\u4e4b\u5229\u5203\u51fa\u9798", "casts": [{"avatars": {"small": "https://img3.doubanio.com\/view\/celebrity\/s_ratio_celebrity\/public\/p1501738155.24.webp", "large": "https://img3.doubanio.com\/view\/celebrity\/s_ratio_celebrity\/public\/p1501738155.24.webp", "medium": "https://img3.doubanio.com\/view\/celebrity\/s_ratio_celebrity\/public\/p1501738155.24.webp"}, "name_en": "Jing Wu", "name": "\u5434\u4eac", "alt": "https:\/\/movie.douban.com\/celebrity\/1000525\/", "id": "1000525"}, {"avatars": {"small": "https://img1.doubanio.com\/view\/celebrity\/s_ratio_celebrity\/public\/p19359.webp", "large": "https://img1.doubanio.com\/view\/celebrity\/s_ratio_celebrity\/public\/p19359.webp", "medium": "https://img1.doubanio.com\/view\/celebrity\/s_ratio_celebrity\/public\/p19359.webp"}, "name_en": "Jia Xu", "name": "\u5f90\u4f73", "alt": "https:\/\/movie.douban.com\/celebrity\/1313651\/", "id": "1313651"}, {"avatars": {"small": "https://img3.doubanio.com\/view\/celebrity\/s_ratio_celebrity\/public\/p1453386759.96.webp", "large": "https://img3.doubanio.com\/view\/celebrity\/s_ratio_celebrity\/public\/p1453386759.96.webp", "medium": "https://img3.doubanio.com\/view\/celebrity\/s_ratio_celebrity\/public\/p1453386759.96.webp"}, "name_en": "Mengsha Hou", "name": "\u4faf\u68a6\u838e", "alt": "https:\/\/movie.douban.com\/celebrity\/1323757\/", "id": "1323757"}], "durations": [], "collect_count": 7112, "mainland_pubdate": "", "has_video": true, "original_title": "\u6211\u662f\u7279\u79cd\u5175\u4e4b\u5229\u5203\u51fa\u9798", "subtype": "tv", "directors": [{"avatars": {"small": "https://img3.doubanio.com\/view\/celebrity\/s_ratio_celebrity\/public\/p54903.webp", "large": "https://img3.doubanio.com\/view\/celebrity\/s_ratio_celebrity\/public\/p54903.webp", "medium": "https://img3.doubanio.com\/view\/celebrity\/s_ratio_celebrity\/public\/p54903.webp"}, "name_en": "Meng Liu", "name": "\u5218\u731b", "alt": "https:\/\/movie.douban.com\/celebrity\/1318090\/", "id": "1318090"}], "pubdates": ["2012-10-01"], "year": "2012", "images": {"small": "https://img3.doubanio.com\/view\/photo\/s_ratio_poster\/public\/p1753770153.webp", "large": "https://img3.doubanio.com\/view\/photo\/s_ratio_poster\/public\/p1753770153.webp", "medium": "https://img3.doubanio.com\/view\/photo\/s_ratio_poster\/public\/p1753770153.webp"}, "alt": "https:\/\/movie.douban.com\/subject\/7065177\/", "id": "7065177"}}, {"roles": ["\u6f14\u5458"], "subject": {"rating": {"max": 10, "average": 4.2, "details": {"1": 2225.0, "3": 2036.0, "2": 2908.0, "5": 151.0, "4": 325.0}, "stars": "25", "min": 0}, "genres": ["\u559c\u5267", "\u5947\u5e7b"], "title": "\u5f00\u5fc3\u9b54\u6cd5", "casts": [{"avatars": {"small": "https://img3.doubanio.com\/view\/celebrity\/s_ratio_celebrity\/public\/p1358746827.06.webp", "large": "https://img3.doubanio.com\/view\/celebrity\/s_ratio_celebrity\/public\/p1358746827.06.webp", "medium": "https://img3.doubanio.com\/view\/celebrity\/s_ratio_celebrity\/public\/p1358746827.06.webp"}, "name_en": "Karena Ng", "name": "\u5434\u5343\u8bed", "alt": "https:\/\/movie.douban.com\/celebrity\/1316503\/", "id": "1316503"}, {"avatars": {"small": "https://img3.doubanio.com\/view\/celebrity\/s_ratio_celebrity\/public\/p1358161862.32.webp", "large": "https://img3.doubanio.com\/view\/celebrity\/s_ratio_celebrity\/public\/p1358161862.32.webp", "medium": "https://img3.doubanio.com\/view\/celebrity\/s_ratio_celebrity\/public\/p1358161862.32.webp"}, "name_en": "Raymond Wong", "name": "\u9ec4\u767e\u9e23", "alt": "https:\/\/movie.douban.com\/celebrity\/1275277\/", "id": "1275277"}, {"avatars": {"small": "https://img3.doubanio.com\/view\/celebrity\/s_ratio_celebrity\/public\/p1420531092.61.webp", "large": "https://img3.doubanio.com\/view\/celebrity\/s_ratio_celebrity\/public\/p1420531092.61.webp", "medium": "https://img3.doubanio.com\/view\/celebrity\/s_ratio_celebrity\/public\/p1420531092.61.webp"}, "name_en": "Ni Yan", "name": "\u95eb\u59ae", "alt": "https:\/\/movie.douban.com\/celebrity\/1274496\/", "id": "1274496"}], "durations": ["99\u5206\u949f"], "collect_count": 15701, "mainland_pubdate": "2011-12-01", "has_video": true, "original_title": "\u5f00\u5fc3\u9b54\u6cd5", "subtype": "movie", "directors": [{"avatars": {"small": "https://img1.doubanio.com\/view\/celebrity\/s_ratio_celebrity\/public\/p1524904218.27.webp", "large": "https://img1.doubanio.com\/view\/celebrity\/s_ratio_celebrity\/public\/p1524904218.27.webp", "medium": "https://img1.doubanio.com\/view\/celebrity\/s_ratio_celebrity\/public\/p1524904218.27.webp"}, "name_en": "Wilson Yip", "name": "\u53f6\u4f1f\u4fe1", "alt": "https:\/\/movie.douban.com\/celebrity\/1274472\/", "id": "1274472"}], "pubdates": ["2011-12-01(\u4e2d\u56fd\u5927\u9646)"], "year": "2011", "images": {"small": "https://img3.doubanio.com\/view\/photo\/s_ratio_poster\/public\/p1310131824.webp", "large": "https://img3.doubanio.com\/view\/photo\/s_ratio_poster\/public\/p1310131824.webp", "medium": "https://img3.doubanio.com\/view\/photo\/s_ratio_poster\/public\/p1310131824.webp"}, "alt": "https:\/\/movie.douban.com\/subject\/6717575\/", "id": "6717575"}}]}